題號,題目,選項A,選項B,選項C,選項D,Answer
1,(113-1)我國推動上市櫃公司永續發展行動方案，深化企業永續治理文化中，於 2023 年起推動 IPO 公司 至少幾位不同性別董事? ,1 位,2 位,3 位,4 位,1
2,(113-1) ESG 涵蓋內容不包含以下何者？,社會責任,環境保護,公司治理,政府保護,4
3,(113-1) 上市上櫃公司永續發展實務守則中，為健全永續發展之管理，推動永續政策需定期向哪一個單位 報告？,總經理會議,公司業務會議,股東會,董事會,4
4,(113-1) 我國氣候變遷因應法中，碳定價的規劃形式是下列哪一個選項？,僅推動徵收碳費,徵收碳費及推動碳交易,僅推動碳交易,選項,2
5,(113-1) 臺灣 2050 淨零排放路徑包含二大治理基礎，請問下列何者為二大治理內容？,能源轉型及社會共融,科技研發及氣候法制,科技研發及產業轉型,氣候法制及循環經濟,2
6,(113-1) 我國氣候變遷因應法中，明訂國家長期減量目標修改為哪一年溫室氣體淨零排放？,2030 年,2040 年,2050 年,2060 年,3
7,(113-1) 1972 年 6 月，聯合國首次針對環境問題舉辦人類環境會議(Conference on the Human  Environment)，也稱為地球高峰會(Earth Summit)，該次會議通過的宣言為以下何者？,里約環境與發展宣言(Rio Declaration on Environment and Development),日內瓦部長宣言(The Geneva Ministerial Declaration),斯德哥爾摩宣言(Stockholm Declaration),格拉斯哥聯合宣言(Glasgow Declaration),3
8,"(113-1) 聯合國政府間氣候變遷專門委員會(Intergovernmental Panel on Climate Change, IPCC)隸屬於哪 一個組織？",世界銀行(World Bank),聯合國(United Nation),國際再生能源總署(IRENA),國際能源總署(IEA),2
9,(113-1) 以下哪一個宣言除提供人類活動與氣候變遷間關聯性之科學基礎外，也成為日後國際減少碳排放 協商機制之研究基礎與依據？,日內瓦部長宣言(The Geneva Ministerial Declaration),斯德哥爾摩宣言(Stockholm Declaration),人類環境行動計畫(Action Plan for the Human Environment),里約環境與發展宣言 (Rio Declaration on Environment and Development),1
10,(113-1) 歐盟為規範確定一項經濟活動 (economic activity) 是否符合環境永續性(environmentally  sustainable)的標準，以確定投資在環境永續的程度，此標準為下列何者？,歐洲綠色政綱(European Green Deal),碳邊境調整機制(CBAM),企業永續報告指令(CSRD),歐盟永續分類標準(EU Taxonomy Regulaton),4
11,(113-1) 我國推動上市櫃公司永續發展行動方案，強化利害關係人溝通，2024 年起將依資本額規模分階段 推動，上市櫃公司應於股東會幾日前上傳議事手冊、幾日前上傳年報？,20 日，15 日,30 日，15 日,20 日，14 日,30 日，14 日,4
12,(113-1) 以下哪一個會議達成歷史性協議，發達國家將向較貧窮國家支付費用，補償氣候變化造成的經濟 損失？,第二十五屆聯合國氣候變遷締約國大會(COP 25),第二十六屆聯合國氣候變遷締約國大會(COP 26),第二十七屆聯合國氣候變遷締約國大會(COP 27),第二十八屆聯合國氣候變遷締約國大會(COP 28),3
13,(113-1) 請問哪一個協議首次將「逐步減少(phase down) 對煤炭和化石燃料補助」寫入官方檔案中？,格拉斯哥氣候協議(Glasgow Climate Pact),京都議定書(Kyoto Protocol),巴黎協定(Paris Agreement),利馬氣候行動呼籲(Lima Call for Climate Action),1
14,(113-1) 我國推動上市櫃公司永續發展行動方案，擴大永續資訊揭露範圍，將自 2025 年推動多少資本額 以下的上市櫃公司編製永續報告書？,10 億元,20 億元,50 億元,100 億元,2
15,(113-1) 根據永續發展行動方案，優先推動哪些公司設置永續委員會？,僅上市公司,僅上櫃公司,上市上櫃公司,僅興櫃公司,3
16,"(113-1) 聯合國政府間氣候變遷專門委員會(IPCC)第六次評估報告，第一工作小組(Working Group I, WGI)  於 2021 年 8 月 9 日，發布《氣候變遷 2021：物理科學基礎》(Climate Change 2021：The  Physical Science Basis) 報告，其主要探討以下哪個議題？",氣候變遷對世界的影響,減緩氣候變遷的進展和承諾進行最新的全球評估,強調氣候變遷、人類社會、生態系統之間的互動,全球暖化,4
17,(113-1) 上市上櫃公司永續發展實務守則中，關於維護社會公益的內容，不包含下列哪一項？,尊重消費者權益,統計溫室氣體排放量,強化供應鏈管理,保障員工合法權益,2
18,(113-1) 上市上櫃公司永續發展實務守則中，關於利害關係人之權益維護，不包含下列何者？,於網站設置利害關係人專區,瞭解利害關係人之合理期望及需求,協助利害關係人獲取最大獲利,妥適回應利害關係人關切之重要永續發展議題,3
19,(113-1) 我國推動綠色金融行動方案 3.（113-1）0，針對具體推動措施內容，下列哪一項不包含在當中？,補助及獎勵於發展低碳、減碳與負排放技術及產業,訂定範疇一、二及三之中程及長程減碳目標與策略提出時程規劃,推動個別金融業辦理氣候變遷壓力測試,持續精進壓力測試模組，並研議氣候風險之監控機制,1
20,(113-1) 關於「臺灣 2050 淨零排放路徑」，下列敘述何者有誤？,由行政院國家發展委員會發布,涵蓋四大轉型策略、二大治理基礎,暫未考慮弱勢族群所可能面臨的轉型挑戰與困境,以十二項關鍵戰略整合跨部會資源,3
21,(113-1) 根據我國推動上市櫃公司永續發展路徑圖，資本額 50 億元以下之上市櫃公司，須完成事項不包 含下列何者？,2026 年個體公司完成盤查,2027 年合併報表子公司完成盤查,2027 年個體公司完成確信,2029 年合併報表子公司完成確信,3
22,(113-1) 有關對永續金融揭露規範(SFDR)對 ESG 相關投資產品之定義及綠色成份之敘述，下列正確的有 幾項？ Ⅰ.真正具有落實 ESG 精神的基金，至少必須符合 Article 8 或 Article 9 的規定；Ⅱ.  Article 6 是聚焦於挑選從事 ESG 的企業為標的的基金；Ⅲ. Article 9 的基金是以實現 ESG 為目 標，經關鍵資源效率指標或執行結果評估後，確認經濟活動可對環境、社會帶來貢獻；無需考慮 是否有其他重大傷害之主要不利影響(PAIs)；Ⅳ.符合 Article 6 的基金，因為產品揭露屬性並未考 慮歐盟永續經濟活動之標準，故此類為非永續性產品,1 項,2 項,3 項,4 項,2
23,(113-1) 上市上櫃公司永續發展實務守則中，上市上櫃公司之董事會於公司推動永續發展目標，內容不包 含下列哪一項？,鼓勵公司追求最大化短期獲利,考量利害關係人之利益，提出永續發展使命或願景,永續發展納入公司之營運活動與發展方向,永續發展相關資訊揭露之即時性與正確性,1
24,(113-1) 有關永續金融揭露規範(SFDR)之敘述，下列何者正確？,僅規定在歐洲設有營運據點或販售商品的基金公司,無須在公開說明書中標示「是否屬於 ESG 基金」,依「綠化」程度區分為符合第 6 條(Article 6)、第 8 條(Article 8)及第 10 條(Article 10)之不同永 續性類別之基金,第 8 條(Article 8)類別之基金，ESG 的程度相對較低，被定義為「泛 ESG」基金,1
25,(113-1) 有關 GRI 準則中與重大議題相關的敘述，下列何者正確？,所有組織皆須決定其重大主題,僅有營收超過特定金額的企業或員工超過一定數量的組織須決定其重大主題,僅有企業須決定其重大主題,僅有高碳排產業須決定其重大主題,1
26,(113-1) 哪一項法規/政策規定符合一定標準之上市櫃公司應依 GRI 揭露及編製永續報告書？,上市上櫃公司編製與申報永續報告書作業辦法,公開發行公司年報應行記載事項準則,上市上櫃公司永續發展路徑圖,我國接軌之 IFRS 永續揭露準則,1
27,(113-1) 針對永續會計準則委員會(SASB)所設立的準則特性，下列何者錯誤？,指標定義、範疇、計算方式、資料蒐集方式、參考文獻，以及指標呈現單位均一致,有三大特色：指標一致性、產業特定指標與指標可比性,各產業應計算之指標單位，可協助投資人比較與辨識,針對不同產業應揭露主題及會計指標設定相同的揭露議題,4
28,(113-1) IFRS S2 氣候相關揭露要求(Climate-related Disclosures)，除依 TCFD 一般揭露的要求外，需整 體考量價值鏈中氣候相關的風險與機會，並揭露以下資訊：哪一項描述不正確？,內部碳定價之機制與流程,高階管理人員的性別比例與薪酬的平等,因應氣候相關風險和機會而產生之資本支出及投／融資金額,受氣候相關轉型／實體風險及機會影響之資產或業務金額及比例,2
29,(113-1) 您剛接任臺灣資本額 100 億元以上的上市櫃公司永續長職位，開始著手準備公司 2023 年的永 續相關資訊的揭露，將於 2024 年陸續出版，請問下列哪項永續揭露架構還不需馬上遵從？,TCFD,SASB,IFRS S1/S2,GRI,3
30,(113-1) 在臺灣，會計師依據以下哪一號準則規範，進行溫室氣體聲明之確信工作？,審計準則 220 號「查核歷史性財務資訊之品質管制」,確信準則 3000 號「非屬歷史性財務資訊查核或核閱之確信案件」,確信準則 3410 號「溫室氣體聲明之確信案件」,審計準則 720 號「其他資訊之閱讀與考量」,3
31,(113-1) 下列何者不是「保險業氣候相關風險財務揭露指引」和「本國銀行氣候風險財務揭露指引」皆優 先重視項目？,董事會及高階管理階層制定風險胃納、策略及營運計畫時，應將氣候相關風險納入考量,透過情境分析瞭解氣候風險相關策略,以內部控制三道防線進行風險管理,設置永續投資研究部門進行永續投資研究及盡職治理調查,4
32,(113-1) 氣候變遷可能對組織造成財務衝擊，如損害資產或供應鏈中斷等影響，包含颱風、龍捲風、洪水 等極端氣候事件。氣候相關財務揭露工作小組(TCFD)建議中，上面的描述被歸類在實體風險中的 哪一種風險？,立即性風險(Acute Risk),市場風險(Market Risk),長期性風險(Chronic Risk),技術風險(Technology Risk),1
33,(113-1) 根據「公開發行公司年報應行記載事項準則」規定，針對氣候相關資訊揭露，以下哪一項不屬每 一企業必要揭露事項？,敘明董事會與管理階層對於氣候相關風險與機會之監督及治理,敘明極端氣候事件及轉型行動對財務之影響,敘明氣候風險之辨識、評估及管理流程如何整合於整體風險管理制度,使用內部碳定價作為規劃工具，說明價格制定基礎,4
34,(113-1) 氣候相關財務揭露工作小組(TCFD)對於主要財務影響分類的指引，針對企業損益表當中的收入面 的揭露建議，下列何者錯誤？,由於碳定價機制仍不普及，企業還不需要急著納入考量,轉型風險和實體風險可能影響對產品和服務的需求，組織應考慮風險對收入產生的潛在影響,組織應鑑別增加或創造新收入的潛在機會,碳定價機制持續成長，企業應納入考量來評估對收入的潛在影響,1
35,(113-1) 資本額 100 億元以上及鋼鐵、水泥業公司，規定哪一年揭露合併報表子公司的溫室氣體盤查資 訊？,114 年,115 年,116 年,117 年,1
36,(113-1) 下列何者為「本國銀行氣候風險財務揭露指引」要求銀行訂定高氣候風險客戶與高氣候風險資產 之管理措施時，應考慮之相同因素？,客戶改善自身氣候風險之意願與能力,銀行對該資產之管理能力,是否有抵減銀行曝險之替代做法,選項,3
37,(113-1) 氣候相關財務揭露工作小組(TCFD)建議，揭露組織依循策略和風險管理流程進行評估氣候相關風 險與機會所使用的指標，屬於四項核心要素當中的哪一項？,治理,策略,風險管理,指標和目標,4
38,(113-1) 「公司年報應行記載事項準則」附表一：推動永續發展執行情形及與上市上櫃公司永續發展實務 守則差異情形及原因之推動項目，哪項不屬於推動社會議題？,產品與服務之顧客健康與安全、客戶隱私、行銷及標示等議題,供應商在環保、職業安全衛生或勞動人權等議題遵循相關規範，及其實施情形,訂定及實施合理員工福利措施(包括薪酬、休假及其他福利等),致力於提升能源使用效率及使用對環境負荷衝擊低之再生物料,4
39,(113-1) 國際永續準則理事會(ISSB)，於 2023 年中正式發布永續揭露準則第 S1 號及 S2 號，主要是期 盼何者能獲得充分且高品質的資訊？,非營利組織,各地政府,經濟學家,投資人,4
40,(113-1) SASB 準則是根據何種標準流程訂定？,依據氣候相關財務揭露建議 TCFD 的四個主軸來訂定符合公司治理的流程，同時過程中充分 與 NGO 組織交互討論各項標準,依據巴黎協定(The Paris Agreement)的條約，在符合 2°C 的目標下，充分與氣候專家議合而 產生的標準,參照一般制定財務會計標準的流程而訂定，過程中皆參考大量文獻並與資本市場各產業人士和 專家學者交互討論後，決議出目前所公布的各項揭露指標,參照 GRI 準則，挑選當中可量化且可以連結至企業的財務績效的標準作為制定的基礎,3
41,(113-1) 永續會計準則委員會(SASB)2018 年 11 月公布準則的規範與運用，並藉此列出可能影響企業財 務狀況與營運績效的 ESG 議題，下列描述何者錯誤？,公布 5 大面向，包括環境(Environment)、人力資本(Human Capital)、社會資本(Social  Capital)、商業模式與創新(Business Model & Innovation)和領導與治理(Leadership &  Governance),20 項通用的 ESG 議題的重大性地圖索引(Materiality Map),77 項行業別(industry),11 項產業別(sector),2
42,(113-1) 屬上市上櫃公司子公司之證券商，及實收資本額達新臺幣二十億元以上但未達五十億元之證券 商，應於哪一個年度編製及發布永續報告書？,112 年,113 年,114 年,115 年,2
43,(113-1) 根據「保險業氣候相關風險財務揭露指引」，保險業應於何時將氣候相關風險與機會之管理情形納 入永續報告書或置於公司網站？,每年 3 月 31 日,每年 6 月 30 日,每年 9 月 30 日,每年 12 月 31 日,2
44,(113-1) 主管機關依據企業的哪種規模分階段推動「上市櫃公司永續發展路徑圖」？,按營收分階段推動,按實收資本額分階段推動,按人數規模分階段推動,按廠區數量分階段推動,2
45,(113-1) 「永續報告書作業辦法」規範企業未納入盤查計算之營運據點或子公司占總排放量之比重上限為 5%的原因是基於：,可靠性,可比性,一致性,完整性,4
46,(113-1) 下列何者為「本國銀行氣候風險財務揭露指引」，要求銀行於定期檢視氣候風險管理政策及作法 時，應參考之資料？,情境分析及壓力測試之結果,金融股市之永續投資分析報告,KOL 之最新言論,客戶滿意度調查結果,1
47,(113-1) 依確信準則 3000 號執行確信工作之執業人員，在確信工作執行中發現關鍵績效指標之適用基準 之部分或全部不妥適，或標的之部分或全部不適當，需考量以下哪一個做法？,執業人員可直接出具保留結論之確信報告,執業人員可直接出具無法表示結論之確信報告,如法令允許終止委任，則需考量終止委任此確信案件,執業人員僅需視情況出具保留結論、否定結論或無法表示結論之確信報告,3
48,(113-1) 最早適用我國 IFRS 永續揭露準則的上市櫃公司，於編製哪一年度的股東會年報須揭露 IFRS 永 續準則的內容？,2025 年,2026 年,2027 年,2028 年,2
49,(113-1) 從 1850-1900 年到 2010-2019 年，全球地表溫度上升的最佳估計值為多少？,1.（113-1）87°C,1.（113-1）47°C,1.（113-1）07°C,0.（113-1）67°C,3
50,(113-1) 民眾想要查詢臺中市東勢區地區斷層與土壤液化資料，可到哪一個單位網站查詢？,農委會,科技部,國家災害防救科技中心,經濟部水利署,3
51,(113-1) 「全球暖化造成海平面上升，預期未來沿海地區房價下跌」是哪一種風險？,立即性實體氣候風險,長期性實體氣候風險,聲譽風險,預期心理風險,2
52,(113-1) 根據 IPCC「氣候變遷與土地(Climate Change and Land)」特別報告，自 1960 年代以來，農業 產生的一氧化二氮排放量增加了多少比例？,50%,100%,150%,200%,2
53,(113-1) 下列何者是氣候變遷的減緩策略？,增高海岸線堤防,開發豐富的化石燃料資源,遷居到地勢較高的地區,多搭乘公共交通,4
54,(113-1) 根據 IPCC「氣候變遷與土地(Climate Change and Land)」特別報告，在 2007 年至 2016 年間， 農業、森林砍伐、泥炭地劣化和其他類型的土地利用佔全球溫室氣體排放量的比例為何？,13%,23%,33%,43%,2
55,(113-1) 金融機構發展金融科技，讓民眾可以方便、經濟實惠的使用各種金融服務，這有助於達成哪一項 永續目標(或減緩哪一個風險)？,消除貧窮,少子化,城鄉差距擴大,超高齡化,3
56,(113-1) 根據劍橋大學風險管理研究中心公布的「2015─2025 城市風險指標」研究，對臺北市造成經濟 損失最大的風險為：,戰爭,風暴(颱風),地震,金融,2
57,(113-1) 根據世界自然基金會發布之《地球生命力報告 2022》(Living Planet Report 2022)顯示，1970 至 2018 年間全球野生動物豐富度減少比例為何？,39%,49%,59%,69%,4
58,(113-1) 金融機構大股東干政是哪一種永續風險？,文化風險,環境風險,社會風險,治理風險,4
59,(113-1) 世界上近三分之二的一氧化二氮排放來自何者？,工業,農業,畜牧業,運輸業,2
60,(113-1) 金融機構提供以房養老貸款有助於達成哪一項永續目標(或減緩哪一個風險)？,消除貧窮,缺乏居住正義,城鄉差距擴大,超高齡化,4
61,(113-1) 目前全球發行量最大的永續相關債券為？,綠色債券,社會債券,轉型債券,可持續發展債券,1
62,(113-1) 何種永續債券資金用途未受限制，可用於一般企業營運所需而非特定投資計畫，但債券本息支付 條件與發行人可持續發展績效目標(SPT)相連結？,綠色債券,社會債券,可持續發展債券,可持續發展連結債券,4
63,(113-1) 赤道原則按照潛在的環境社會風險和影響程度將專案融資案件分類成 A、B、C 三個等級，以下有 關分類等級 A 類的說明，哪項是正確的？,A 級係指無風險案件，即經評估後無不利風險及/或影響,A 級係指中風險案件，即經評估後顯示專案對環境和社會可能造成不利的程度有限，影響侷限 於特定地點，且可藉減緩措施降低或免除衝擊,A 級係指低風險案件，即經評估後顯示專案對社會和環境影響輕微,A 級係指高風險案件，即經評估後顯示專案對環境和社會有潛在重大不利及/或涉及多樣的、 不可逆的或前所未有的影響,4
64,(113-1) 永續相關主題投資的主要特點是什麼？,投資於任何公司，不論其行業或主題,投資於各種不同主題的公司，以實現多元化,選擇投資於特定永續發展主題相關的公司,專注投資於高風險高回報的公司,3
65,(113-1) 以下何種計畫是社會債券所募集的資金用途？,風力發電機台設置,發展核能發電,生物多樣性計畫,青年住宅投資,4
66,(113-1) 我國金管會針對 ESG 主題基金訂定具體滿足標準，以下何者非必須特徵？,是否投資於改善環境特徵之產業,採用永續投資策略與方法,是否有排除政策,盡職治理參與,1
67,(113-1) 以下有關永續貸款原則之敘述何者是正確的？,綠色貸款原則、社會責任貸款原則以及永續連結貸款原則皆是由貸款市場協會(LMA)、亞太地 區貸款市場協會(APLMA)與貸款聯合組織貿易協會(LSTA)所合作制定,綠色貸款原則、社會責任貸款原則以及永續連結貸款原則皆是強制性原則,綠色貸款原則、社會責任貸款原則以及永續連結貸款原則皆無限定之貸款資金用途,綠色貸款原則、社會責任貸款原則以及永續連結貸款原則皆需設定永續發展績效目標(SPT),1
68,(113-1) 有關國內公司治理評鑑的敘述，何者正確？,現行公司治理評鑑為使投資大眾能了解受評公司的整體表現，目前未分產業公布排名,公司治理評鑑每兩年辦理一次,現行公司治理評鑑為鼓勵公司，僅公布排名前百分之二十之企業,現行公司治理評鑑除公司治理指標外，也有環境及社會的指標,4
69,(113-1) 有一永續基金 A 在其選股過程中，運用其公司 ESG 評分機制進行 ESG 整合投資分析，且專門 投資於碳中和議題，請問該基金運用了哪些投資方法？ 甲.整合 ESG 因子；乙.產業別最佳；丙.排他性篩選；丁.永續相關主題投資,僅甲、丁,僅乙、丙,僅丙、丁,甲、乙、丙、丁皆是,1
70,(113-1) 下列有關於綠色保險的敘述何者有誤？,再生能源保險之運作需融入能源服務業者(ESCO),節能保險的目的為刺激中小企業的節能意願,能源效率保險承保設施損壞後，工作成本的增加,綠建築保險是保險公司為支持環保或抑制高耗能所推出的保險商品,1
71,(113-1) 下列何者是強制性的國際倡議？ 甲.責任投資原則；乙.永續保險原則；丙.責任銀行原則；丁.赤道原則,僅甲、丙,僅甲、丁,僅甲、乙、丁,甲、乙、丙、丁皆非,4
72,(113-1) 下列何者為再生能源產業保險的承保範圍？ 甲.建造與安裝；乙.營運前的損失；丙.營運時的損失,僅甲、乙,僅甲、丙,僅乙、丙,甲、乙、丙皆是,2
73,(113-1) 有一永續基金在其選股過程中，以公司治理評鑑結果前 20%作為其成分股主要篩選條件，並剔除 涉及爭議性武器生產之企業，請問該基金運用了哪些投資方法？ 甲.正向選股；乙.產業別最佳；丙.排他性篩選；丁.以標準為依據選股,僅甲、丁,僅乙、丙,僅丙、丁,甲、乙、丙、丁皆是,4
74,(113-1) 以下有關可持續發展債券之敘述何者為正確的？,可持續發展債券係指債券本息支付條件與發行人可持續發展績效目標(SPT)相連結之債券,可持續發展債券係指債券所募集之資金擇一用於綠色投資計畫或社會效益投資計畫,可持續發展債券係指債券所募集之資金全部同時用於綠色投資計畫及社會效益投資計畫,可持續發展債券係指債券所募集之資金全部同時用於公司治理投資計畫,3
75,(113-1) 下列何種貸款之資金應全部用於環境保護或氣候相關支出？,綠色貸款,社會貸款,永續連結貸款,轉型貸款,1
76,(113-1) 以下責任銀行原則承諾之履行步驟中，有關目標制定與實施的說明，何者是錯誤的？,正式簽署 PRB 後的 12 個月內，需完成目標制定並公開,盤點銀行的業務、產品與服務，在社會、經濟與環境面向所可能帶來的最大正負面影響,目標所依循的標準與時程規劃，不應高於 SDGs、《巴黎氣候協議》以及其他國際間之永續相 關原則架構,依據所盤點評估之影響範疇與目前經營環境，制定優先遵循目標與相對應之適用領域,3
77,(113-1) 以下何者非責任銀行原則承諾之履行步驟？,影響分析,目標制定與實施,補助申請,定期揭露,3
78,(113-1) 近年國際上永續相關金融商品之種類越來越廣泛，以下何者為永續相關金融商品？ 甲.節能保險；乙.乾淨能源 ETF；丙.永續連結貸款；丁.綠色信用卡,僅甲、丙,僅甲、丁,僅甲、乙、丁,甲、乙、丙、丁皆是,4
79,(113-1) 影響力投資的主要特點是什麼？,以追求最高市場報酬為目標的投資,投資主要集中在新興市場,旨在產生積極的社會和/或環境影響，同時實現財務報酬,基本上與慈善事業相同，只追求社會影響,3
80,(113-1) 以下何者為目前最常見的 ESG 指數整合流程步驟之順序為？ 甲.母指數：設定符合資格的公司 範疇；乙.權重設計：自由流通市值加權(上限)以及 ESG 權重；丙.ESG 剔除標準：刪除不符資 格的公司(負面、正面或規範等)；丁.指數管理與維護：定期進行再平衡、更新 ESG 數據以及管 理公司行動(換股、併購等)；戊.ESG 評級或永續主題篩選：剩餘成分股根據 ESG 評級或永續主 題進行篩選 ESG 指數,甲、乙、丙、丁、戊,甲、戊、乙、丙、丁,甲、丙、戊、乙、丁,甲、丁、丙、戊、乙,3
1,(113-2) 《氣候變遷綱要公約》(UNFCCC) 附件二締約國名單係指下列哪些國家？,經濟合作與發展組織(OECD)成員,已工業化和正在朝市場經濟過渡的國家,聯合國成員國,貧窮落後之國家,1
2,(113-2) 我國推動綠色金融行動方案 3.（113-2）0，針對資料面向之推動措施內容，下列何者不在其中？,建置企業 ESG 資料平台,推動個別金融業辦理氣候變遷壓力測試,統計因應氣候變遷之承保情形及永續保險商品數據,擴充上市櫃公司 ESG 資訊平台,2
3,(113-2) 政府間氣候變遷專門委員會(IPCC)第六次評估報告，第三工作小組於 2022 年 4 月 4 日發布《氣候變遷 2022：減緩氣候變遷》(Climate Change 2022：Mitigation of Climate Change)，其主要探討以下哪個議題？,氣候變遷對世界的影響,減緩氣候變遷的進展和承諾進行最新的全球評估,強調氣候變遷、人類社會、生態系統之間的互動,全球暖化,2
4,(113-2) 我國推動上市櫃公司永續發展行動方案，推動薪酬合理化，鼓勵高階薪酬與什麼做連結？,鼓勵高階薪酬與工作績效連結,鼓勵高階薪酬與 ESG 績效連結,鼓勵高階薪酬與減碳績效連結,鼓勵高階薪酬與業務推廣績效連結,2
5,(113-2) 永續發展目標指南的五大流程考慮旨在確保什麼？,提高員工的工作效率,實現 SDGs 的最佳效果，促進綜合性、整體性和可持續性,縮短企業的獲利時間,組織遵守法律法規,2
6,(113-2) 聯合國環境規劃署(UNEP)，將永續金融劃分為環境、社會、經濟與治理，其中環境面向不包含下列 哪一項？,數位金融,低碳金融,氣候金融,綠色金融,1
7,(113-2) 以下何者不是聯合國推動永續發展目標 SDGs 的主要考量？,加強執行手段，塑造全球霸權,在全世界消除一切形式的貧困,確保永續的消費和生產模式,為所有人提供水資源衛生及進行永續管理,1
8,(113-2) 聯合國政府間氣候變遷專門委員會(IPCC)目前已發布幾次評估報告(Assessment Report)？,3 次,4 次,5 次,6 次,4
9,"(113-2) 聯合國政府間氣候變遷專門委員會(Intergovernmental Panel on Climate Change, IPCC)隸屬於哪一個組織？",世界銀行(World Bank),聯合國(United Nation),國際再生能源總署(IRENA),國際能源總署(IEA),2
10,(113-2) 企業永續報告指令(CSRD)分四個階段生效，不同類別的公司有其遵守報告要求的時間；第一批已適 用 NFRD 的大型且涉及「公眾利益」的企業，將從何時開始揭露，並在 2025 年發布報告？,2023 年 12 月 31 日,2024 年 1 月 1 日,2024 年 12 月 31 日,2025 年 1 月 1 日,2
11,(113-2) 歐盟的碳價除受政策干預外，係根據下列何者利用「污染者付費」的做法激勵企業從事減碳？,碳排放量,碳抵消的排放量,碳洩漏的排放量,碳權憑證的供需,4
12,(113-2) 上市上櫃公司永續發展實務守則中，為健全永續發展之管理，下列哪一項不包含在內？,僅限於環境保護措施,設置推動永續發展之專（兼）職單位,定期向董事會報告,訂定合理之薪資報酬政策,1
13,(113-2) 以下何者是綠色金融行動方案 3.（113-2）0 的核心策略？,協力合作深化永續發展及達成淨零目標,揭露碳排資訊，從投融資推動整體產業減碳,整合資料及數據以強化氣候韌性與因應風險之能力,以上皆是,4
14,(113-2) 歐盟委員會(European Commission)首次為非財務資料之共同報告所定義的框架為下列何者？,歐洲永續性報告標準(ESRS),企業永續報告指令(CSRD),監管技術標準(RTS),歐盟永續分類標準(EU Taxonomy),2
15,(113-2) 我國推動上市櫃公司永續發展行動方案，強化利害關係人溝通，2024 年起將依資本額規模分階段推動， 上市櫃公司應於股東會幾日前上傳議事手冊、幾日前上傳年報？,20 日，15 日,30 日，15 日,20 日，14 日,30 日，14 日,4
16,(113-2) 「氣候變遷因應法」關於推動碳交易之敘述，下列何者為非？,鼓勵企業採行自願減量給予減量額度,將取得減量額度的資訊公開、移轉、交易或拍賣給有減量責任或需求者,由民營公司建置交易平台,期望以減碳績效有價化，帶動企業加速淨零轉型,3
17,(113-2) 有關歐盟永續分類標準(EU Taxonomy)之敘述，下列何者正確？,其規範確定一家企業是否符合環境永續性(environmentally sustainable)的標準，以確定投資在環境永 續的程度,其主要目的將資金引導至有助於企業獲利的經濟活動,歐盟提及各經濟活動必須對六大環境目標中至少二項有重大貢獻，才能算是永續發展活動,歐洲議會強調在有限度的情況及嚴格條件下，天然氣與核能是不可或缺的過渡能源(energy  transition)，因而被納入永續分類中,4
18,(113-2) 聯合國永續發展目標 SDGs 目標 5：落實性別平等、婦女平權，下列哪一個不屬於目標重點內容？,消除一切形式的暴力和歧視,推動性別平等的政策及法令，並確保能有效執行,確保弱勢族群的社會保障,確保婦幼性生殖健康權益，例如性教育、避孕措施、安全的墮胎服務,3
19,(113-2) 2023 年 4 月 12 日，歐洲監管機構(ESAs)聯合發布《有關主要不利影響(PAIs)和金融產品揭露的 SFDR  委託法規審查》之諮詢文件，諮詢文件提議之內容為何？,建構有關永續經濟活動的共同分類系統，以供利害相關人(Stakeholder)共同遵循,對 SFDR 層次 2 (level 2)有關主要不利影響(PAIs)和揭露的監管技術標準(RTS)提出重大改變的建議,規範確定經濟活動是否符合環境永續性的標準，以確定投資在環境永續的程度,建立篩選標準以判別經濟活動是否能夠協助歐盟達成低碳、有韌性，以及資源效率高的未來經濟型態,2
20,(113-2) 有關企業永續報告指令(CSRD)主要規範的適用對象，下列敘述何者不正確？,所有在歐盟的「上市公司」及「大型公司」,亦包含涉及「公眾利益」的公司,外國企業不在監管之列,微型企業除外,3
21,(113-2) 我國推動綠色金融行動方案 3.（113-2）0，三大核心策略包含下列哪一項？,協力合作深化永續發展及達成淨零目標,整合資料及數據以強化氣候韌性與因應風險之能力,揭露碳排資訊，從投融資推動整體產業減碳,以上皆是,4
22,(113-2) 有關《氣候變遷綱要公約》(UNFCCC)的敘述，下列何者正確？,該公約對個別締約國規定具體需承擔的義務,該公約具有法律上的約束力,該公約並未規定可在後續從屬的議定書中設定強制碳排放限制,各國與會代表會在各年度的會議中，達成相關的決議內容，成為研究國際氣候變遷治理機制之重要 依據,4
23,(113-2) 根據《氣候變遷綱要公約》從 1995 年至 2023 年為止，每年都會召開聯合國氣候變遷大會，請問公約 對個別締約國的約束力為何？,規定具體需承擔的義務,規定實施機制,有法律上的約束力,可規定在後續從屬的議定書中設定規範或限制,4
24,(113-2) 歐洲財務報導諮詢小組(EFRAG)在哪個報告中提出 54 項提案，做為歐盟執行委員會要求 EFRAG 研擬 修訂版 NFRD 中可能的非財務報導準則？,歐洲永續發展報告準則(ESRS),歐盟永續分類標準(EU Taxonomy),監管技術標準(RTS),發展一套完整的歐盟永續報導準則之路徑圖,4
25,(113-2) 為增進 ESG 基金商品資訊揭露，集保公司擬於何處建置境外 ESG 基金專區並優化投信 ESG 基金專區？,公開資訊觀測站,證交所網站,基金觀測站,集保平台,3
26,(113-2) 氣候相關財務揭露工作小組(TCFD)對於四項核心要素當中的指標和目標，哪一個描述正確？,是指組織如何鑑別、評估和管理氣候相關風險,是指組織業務、策略和財務規劃，揭露實際及潛在與氣候相關的衝擊,是指組織與氣候相關風險與機會的治理情況,是指針對重大性的資訊，揭露用於評估和管理氣候相關議題的指標和目標,4
27,(113-2) 下列哪一個永續資訊框架，有明確的產業指引，讓企業依循明確的 ESG 議題範圍進行揭露？,SASB,IFRS S1,TCFD,GRI,1
28,(113-2) 在臺灣，會計師依據以下哪一號準則規範，進行永續報告書標的資訊之確信工作？,審計準則 220 號「查核歷史性財務資訊之品質管制」,確信準則 3000 號「非屬歷史性財務資訊查核或核閱之確信案件」,確信準則 3410 號「溫室氣體聲明之確信案件」,審計準則 720 號「其他資訊之閱讀與考量」,2.3
29,(113-2) 氣候相關財務揭露工作小組(TCFD)，是由哪一個組織召集？,金融穩定委員會(FSB),聯合國(UN),永續會計準則委員會(SASB),國際永續準則委員會(ISSB),1
30,(113-2) 氣候相關財務揭露工作小組(TCFD)對於四項核心要素當中的治理，哪一個描述正確？,是指組織如何鑑別、評估和管理氣候相關風險,是指組織業務、策略和財務規劃，揭露實際及潛在與氣候相關的衝擊,是指組織與氣候相關風險與機會的治理情況,是指針對重大性的資訊，揭露用於評估和管理氣候相關議題的指標和目標,3
31,(113-2) 國際永續準則理事會(ISSB)，於 2023 年中正式發布永續揭露準則第 S1 號，下列描述何者正確？,又稱為「氣候相關揭露」,揭露建議並非以投資人的觀點來設計,對重大永續相關風險及機會提供揭露指引，並未要求明確揭露公司永續及財務資訊間的關聯,參酌現有永續相關框架制定，包含治理、策略、風險管理及指標與目標等四大構面,4
32,(113-2) 氣候變遷可能對組織造成財務衝擊，如損害資產或供應鏈中斷等影響，包含颱風、龍捲風、洪水等極 端氣候事件。氣候相關財務揭露工作小組(TCFD)建議當中，上面的描述被歸類在實體風險當中的哪 一種風險？,立即性風險(Acute Risk),市場風險(Market Risk),長期性風險(Chronic Risk),技術風險(Technology Risk),1
33,(113-2) 依現行「永續報告書作業辦法」須編製與申報中文永續報告書的金融保險業公司，哪一項描述最正確？,資本額達新台幣 100 億元以上,資本額達新台幣 50 億元以上,資本額達新台幣 20 億元以上,不分資本額的上市櫃公司,4
34,(113-2) 「永續報告書作業辦法」規範企業未納入盤查計算之營運據點或子公司占總排放量之比重上限為 5% 的原因？,可靠性,可比性,一致性,完整性,4
35,(113-2) 根據「保險業氣候相關風險財務揭露指引」，保險業氣候相關風險之風險管理機制包括下列何者？,風險管理及監控,情境分析及壓力測試,投資管理,以上皆是,4
36,(113-2) 下列何者是指國際財務報導準則基金會？,TCFD,IFRS,SASB,IASB,2
37,(113-2) 最早適用我國 IFRS 永續揭露準則的上市櫃公司，哪一項敘述正確？,資本額達 100 億元以上,資本額達 80 億元以上,資本額達 50 億元以上,資本額達 20 億元以上,1
38,(113-2) 下列哪一個永續資訊框架，參考了 TCFD 的框架，也參考了 SASB 的特定行業指引，讓企業能有更明 確的指引將永續相關風險與機會呈現於財務報告上？,IASB,TNFD,CDP,IFRS S1/S2,4
39,(113-2) 「編製與申報永續報告書作業辦法」規範企業得自願揭露溫室氣體排放的範疇為何？,範疇一,範疇二,範疇三,範疇一、二、三,3
40,(113-2) 溫室氣體盤查主要依循的四個步驟，正確順序為何？ 甲.決定排放量計算方式；乙.選擇合適的排放 係數；丙.蒐集活動數據；丁.計算溫室氣體排放量,丁、丙、乙、甲,甲、丙、乙、丁,丙、乙、甲、丁,乙、甲、丙、丁,2
41,(113-2) 根據「本國銀行氣候風險財務揭露指引」，下列何者為銀行對於氣候風險高之業務或交易應報經核定 之單位，並留存相關紀錄備查？,股東會,董事會,總經理,高階管理階層,4
42,(113-2) 永續會計準則委員會(SASB)2018 年 11 月公布 5 大永續面向，哪一個不包含在內？,商業模式與創新(Business Model & Innovation),人力資本(Human Capital),社會資本(Social Capital),自然資本(Natural Capital),4
43,(113-2) 氣候相關財務揭露工作小組(TCFD)對於主要財務影響分類的指引，針對企業資產負債表當中的資本和 融資的揭露建議，下列何者正確？,氣候相關風險與機會可能導致組織債務期限延長,氣候相關風險與機會可能會讓組織透過增加負債規模來補償減少的營運現金流、新的資本支出或研 發資金，以改變組織的負債和股權結構,氣候相關風險與機會目前還不會影響組織資本、營運損失準備金等,氣候相關風險與機會不會影響組織籌集新債或是對現有債務再融資的能力,2
44,(113-2) SASB 準則五大面向當中的環境(Environment)提及生態衝擊(Ecological Impacts)議題，下列何者描述不 正確？,此議題涵蓋氣候變化氣候變遷對生態系統和生物多樣性的影響,此議題涉及公司通過活動對生態系統和生物多樣性的影響的管理,影響包括但不限於規劃、土地徵用、許可、開發、運營和場地修復等各個階段的生物多樣性喪失、 棲息地破壞和森林砍伐,包括但不限於勘探用地、自然資源開採和種植，以及項目開發、建設和選址,1
45,(113-2) 下列何者不屬於 GRI 允許的省略理由之一？,不適用,無行業準則,法律禁令,保密規定限制,2
46,(113-2) 「編製與申報永續報告書作業辦法」規定揭露哪一個單位監督及治理氣候相關資訊？,每一個員工,永續委員會/ESG 委員會,永續委員會/ESG 委員會轄下之各小組領導,董事會與管理階層,4
47,(113-2) 依據「本國銀行氣候風險財務揭露指引」，銀行應對實體風險與轉型風險進行情境分析與壓力測試， 其下列哪項特性敘述錯誤？,評估氣候風險對其業務之影響,探索在不同氣候情境下自身對氣候風險之韌性,選取之情境應以歷史資料為主，避免使用前瞻性資訊，以產生不確定性之結果,應選取與銀行相關且合理之情境,3
48,(113-2) 資本額 50~100 億元公司，規定哪一年揭露合併報表子公司的溫室氣體盤查資訊？,114 年,115 年,116 年,117 年,2
49,(113-2) 金融機構協助減緩少子化風險的作為有哪些？,凍卵險,完善的育嬰留職停薪制度,生育保險,以上皆是,4
50,(113-2) IPCC「2022 氣候變遷：影響、調適與脆弱性」報告中，針對沿海社會生態系統的風險提出調適選項， 下列何者為其選項？,改善排水,海堤和海岸養護,抬高沿海道路,以上皆是,4
51,(113-2) 金融機構提供青年安心成家貸款、延長貸款期限或寬限期有助於達成哪一項永續目標（或減緩哪一個 風險）？,消除貧窮,缺乏居住正義,城鄉差距擴大,超高齡化,2
52,(113-2) 下列何者不是溫室氣體？,水蒸氣,一氧化二氮,氨氣,二氧化碳,3
53,(113-2) 下列何者為立即性的氣候實體風險？,海平面上升,颱風,全球暖化,冰川消融,2
54,(113-2) 下列何者非金融機構面對治理風險的作為？,與大學產學合作,董事會成員多元化,誠信經營,成立薪酬委員會,1
55,(113-2) 全球暖化趨勢下，臺灣受到淹水影響最顯著的地區位在何處？,西南沿海,北海岸,花東海岸,桃竹苗海岸,1
56,(113-2) 根據世界經濟論壇《2023 全球風險報告》，未來 10 年內影響全球的前 4 大風險都是屬於哪一類型的 風險？,環境風險,社會風險,治理風險,戰爭風險,1
57,(113-2) 根據 IPCC《氣候變遷與土地(Climate Change and Land)》特別報告，受到土地劣化（土壤肥沃度喪失、 經濟生產力的惡化或野生動植物多樣性下降等）影響的人口數為何？,1-3 百萬人,1-3 千萬人,1-3 億人,10 億人以上,3
58,(113-2) 針對臺灣社會超高齡化的危機，金融機構可以協助調適該風險的金融工具為何？,安養信託,以房養老,即期年金險,以上皆是,4
59,(113-2) 土地甲烷排放的最主要來源為何？,工業,農業,畜牧業,運輸業,3
60,(113-2) 根據劍橋大學風險管理研究中心公布的「2015─2025 城市風險指標」研究，對臺北市造成經濟損失最 大的風險為：,戰爭,風暴（颱風）,地震,金融,2
61,(113-2) 為解決氣候變遷的問題，國際上常由公私部門共同建立災害保險計畫，以保障極端氣候所造成的損失。 請問該保險可能是哪一種綠色保險？,參數型天氣保險,氣候保險,能源效率保險,節能保險,2
62,(113-2) 銀行 A 推出一貸款專案，該專案之資金僅能全數用於綠色支出，請問該專案最可能為什麼類型的授信？,綠色授信,社會授信,永續授信,永續連結授信,1
63,(113-2) 以下何種債券類別募集的資金，發行人較能自由決定債券的資金用途，增強公司資金運用靈活度，但 需訂定可持續發展關鍵績效指標(KPI)、可持續發展績效目標(SPT)，以及連結債券本息支付條件設計 等機制，來確保發行公司將永續發展納入到其經營策略與商業模式中？,綠色債券,社會債券,轉型債券,可持續發展連結債券,4
64,(113-2) 以下何者為 ESG 評比環境項目常見之指標？,廢棄物,風險管理,反貪腐,董事獨立性,1
65,(113-2) 永續投資中金融業的角色為何？ 甲.符合股東及社會長期最佳利益；乙.引導資金流向永續發展相關 項目；丙.協助不利永續發展之產業轉型,僅甲、乙,僅甲、丙,僅乙、丙,甲、乙、丙皆是,4
66,(113-2) 公司 A 發行公司債籌資，且其籌得資金將全部用於廢棄物回收處理投資，試問該債券可以申請何種債 券認可？,綠色債券,社會責任債券,可持續發展債券,以上皆是,1
67,(113-2) 公司 B 向銀行申請一筆貸款，其資金用途係用作身心障礙者的職能培訓之項目，請問公司 B 最適合申 請之授信為何種類型？,綠色授信,社會授信,永續授信,永續連結授信,2
68,(113-2) 下列何種貸款之資金應全部用於能夠發揮環境及社會影響力之專案？,綠色貸款,社會貸款,永續貸款,永續連結貸款,3
69,(113-2) 下列何者為綠色保險的主要目的？,減輕意外發生時的經濟負擔,提高環境治理與監管之水準,達到節稅的效果,穩定子女及後代的生活,2
70,(113-2) 永續投資的主要目標是什麼？,最大限度減少自然和社會資源的消耗,創造最大的經濟價值,高風險高報酬的投資,僅投資慈善相關企業,1
71,(113-2) 永續連結貸款(SLL)需訂立永續發展績效目標(SPT)和關鍵績效指標(KPI)，下列何者非永續發展績效目 標和關鍵績效指標？,生物多樣性,污染程度,溫室氣體排放量,再生能源安裝量,2
72,(113-2) 各國主管機關所發布之盡職治理守則，主要規範對象為以下何者？,上市櫃公司,一般投資人,機構投資人,理財顧問,3
73,(113-2) 以下何者非永續金融評鑑的推動目的？,協助國內金融業因應氣候變遷及 ESG 相關風險能力,引導金融業以捐助方式來協助解決社會問題,鼓勵表現優良業者發揮業界的標竿功能，加速推動國內永續金融生態圈的建構,引導金融業在擬定永續經營策略及採取行動方案時，能與國內現行推動之政策重點及監理方向同步,2
74,(113-2) 以下有關永續貸款原則之敘述何者是正確的？,綠色貸款原則、社會責任貸款原則以及永續連結貸款原則皆是由貸款市場協會(LMA)、亞太地區貸 款市場協會(APLMA)與貸款聯合組織貿易協會(LSTA)所合作制定,綠色貸款原則、社會責任貸款原則以及永續連結貸款原則皆是強制性原則,綠色貸款原則、社會責任貸款原則以及永續連結貸款原則皆無限定之貸款資金用途,綠色貸款原則、社會責任貸款原則以及永續連結貸款原則皆需設定永續發展績效目標(SPT),1
75,(113-2) 何者最符合綠色授信的概念？,一條關於銀行授信的法規，要求所有借款人皆須符合最低 ESG 標準,一種融資形式，使借款人能將貸款用於環境保護或氣候相關支出,一條國際準則，規範銀行審核綠色企業貸款相對於總貸款金額的比例,一種獎勵機制，符合環保或低碳的企業可以向政府申請貸款利率補助,2
76,(113-2) 下列何者為環境汙染責任保險與傳統汙染責任保險的差異？,臺灣未有環境汙染責任保險,承保污染的整治費用,承保突發或意外的汙染,承保第三人體傷或財產的損害,2
77,(113-2) 有關可持續發展連結債券(Sustainability linked bonds)之敘述，何者最為符合？,僅可持續發展績效優於同業者，得發行可持續發展連結債券,債券本息支付條件與發行人可持續發展績效目標相連結之債券,可持續發展連結債券所募集之資金全數用於綠色投資計畫或社會效益投資計畫,以上皆非,2
78,(113-2) 若公司施行責任投資原則(PRI)，則該公司滿足永續保險原則(PSI)的哪一原則？,原則一：將與保險業相關的 ESG 議題融入公司決策中,原則二：與客戶和業務合作夥伴合作，以提高對 ESG 議題的意識，並一同管理風險並制定解決方案,原則三：與各國政府、監管機構和其他主要利益攸關方合作，推動全社會為 ESG 議題採取廣泛行動,原則四：透明揭露永續保險原則實行狀況，並將定期揭露視為責任,1
79,(113-2) 下列有關於永續保險原則(PSI)之敘述何者錯誤？,永續保險原則為第一個針對保險業的框架,由聯合國環境規劃署金融倡議機構啟動,必須將巴黎協定整合至業務發展中,提供保險公司及其利害關係人具體的永續作為,3
80,(113-2) 因應減碳目標，在建構以達成減碳為主題的指數時，以下哪個碳排放指標在減碳上是對全球暖化問題 較有顯著的影響？,範疇一,範疇二,範疇三,以上皆非,3
1,(113-3) 若投資決策對於永續造成「主要不利衝擊」(PAIs)須加以揭露；這是屬於下列哪方面的資訊揭露？,永續性風險政策,產品的獲利性揭露,不利的永續性影響,產品級別揭露,3
2,(113-3) 我國推動上市櫃公司永續發展行動方案，擴大永續資訊揭露範圍，將自哪一年推動 20 億元以下的上 市櫃公司編製永續報告書？,2023 年,2024 年,2025 年,2026 年,3
3,(113-3) 因應企業碳盤查需求，對於盤查對象及查驗機構採哪一種方式管理？,分類管理,分群管理,分級管理,統一管理,3
4,(113-3) 上市上櫃公司永續發展實務守則中，為健全永續發展之管理，推動永續政策需定期向哪一個單位報告？,總經理會議,公司業務會議,股東會,董事會,4
5,(113-3) 根據永續金融揭露規範(SFDR)真正具有落實 ESG 精神的基金，至少必須符合以下哪些規定？,Article 6 或 Article 7,Article 7 或 Article 8,Article 8 或 Article 9,Article 6、（113-3）Article 7 及 Article 9,3
6,"(113-3) 政府間氣候變遷專門委員會(IPCC)第六次評估報告，第一工作小組(Working Group I, WGI) 於 2021 年 8 月 9 日，發布《氣候變遷 2021：物理科學基礎》(Climate Change 2021：The Physical Science Basis) 報 告，其主要探討以下哪個議題？",氣候變遷對世界的影響,減緩氣候變遷的進展和承諾進行最新的全球評估,強調氣候變遷、人類社會、生態系統之間的互動,全球暖化,4
7,(113-3) 國際清算銀行(BIS)於 2020 年 1 月 20 日發佈報告，報告中提及氣候變遷可能帶來哪一項事件，並引 發全球金融危機？,黑天鵝事件,綠天鵝事件,灰犀牛事件,綠犀牛事件,2
8,(113-3) 2019 年 12 月時，歐盟委員會提出「歐洲綠色新政」(European Green Deal)，宣示歐洲將於 2050 年 實現以下哪個減碳目標，並將此納入具有約束力的《歐洲氣候法》(European Climate Law)？,淨零排放(Net zero),碳中和(Carbon Neutrality),負碳排(Carbon Negative),零碳排(Carbon Free),1.2
9,(113-3) 歐盟發布「永續金融揭露規範」(SFDR)規定，旨在對哪些對象，必須公開揭露所投資企業的 ESG 落 實狀況，並加強 ESG 相關資訊強制揭露義務？,個別投資者,排碳大戶,上市櫃企業,投資公司、基金公司、保險公司等主要金融市場參與者,4
10,(113-3) 歐盟於 2020 年 6 月發布下列哪個標準，並在同年 7 月 12 日生效，界定「永續的經濟活動」，成 為多數國家制定相關標準或指引的參考？,歐盟永續分類標準(EU Taxonomy),歐洲綠色政綱(European Green Deal),碳邊境調整機制(CBAM),企業永續報告指令(CSRD),1
11,(113-3) 締約國皆同意要求具體減排的第一個公約為以下何者？,京都議定書(Kyoto Protocol),巴黎協定(Paris Agreement),格拉斯哥氣候協議(Glasgow Climate Pact),利馬氣候行動呼籲(Lima Call for Climate Action),1
12,(113-3) ESG 涵蓋內容不包含以下何者？,社會責任,環境保護,公司治理,政府保護,4
13,(113-3) 根據上市櫃公司永續發展行動方案，優先推動哪些公司設置永續委員會？,上市公司,上櫃公司,上市櫃公司,興櫃公司,3
14,(113-3) 國家自主貢獻(NDCs)起緣於哪個協定要求各國應提出在 2020 年以後的氣候行動目標？,京都議定書(Kyoto Protocol),格拉斯哥氣候協議(Glasgow Climate Pact),哥本哈根協定(Copenhagen Accord),巴黎協定(Paris Agreement),4
15,(113-3) 有關非財務報告指令(NFRD)之敘述，下列何者正確？,"目前適用於員工人數超過 1,000 人的大型公司",目前適用與公眾利益不相關的大型公司,大型企業必須揭露包括環境問題及社會議題,大型企業必須揭露包括經濟議題,3
16,(113-3) 有關企業永續報告指令(CSRD)與取代非財務報告指令(NFRD)所增加的內容，下列敘述何者正確？,NFRD 強調企業必須基於雙重重大性(Double Materiality)原則作為永續資訊揭露的基礎,ESRS 引入根據 CSRD 更詳細的報告要求,CSRD 規定企業無需揭露反腐敗和賄賂相關資訊,CSRD 強調企業必須需揭露「影響重大性(Impact Materiality)」和「財務重大性(Financial Materiality)」 兩方面之資訊,4
17,(113-3) SDGs 的 17 項永續發展核心目標，17 大項不包含下列何者？,消除各地一切形式的貧窮,落實性別平等、婦女平權,落實永續消費及生產模式,確保食品安全,4
18,(113-3) 以下何者不是歐盟為篩選符合永續活動之標準，於 2023 年 6 月 13 日公布另外 4 項環境目標的細項指 引？,經濟成長與資源消耗脫鉤,生物多樣性及生態系統的保護與復原,水及海洋資源的永續性及保育,汙染防治與控制,1
19,(113-3) 關於歐盟永續分類標準(EU Taxonomy)的敘述，下列何者正確？,評估主體從「經濟活動企業」整體轉向「企業」本身，使企業、投資者能有共通標準,建構永續經濟活動的共同分類系統，僅提供股東了解企業永續活動,分類規則的作用在於協助公司進行低碳轉型，以防止漂綠,達到歐盟綠色新政所設立之於 2050 達到淨零碳排的目標,3
20,(113-3) 我國推動綠色金融行動方案 3.（113-3）0，就資金面向之相關措施內容，下列哪一項不包含在當中？,協助金融機構取得綠色相關產業融資,進行投融資評估及決策、商品設計及與企業議合,辦理永續領域投融資,訂定範疇三之中長程減碳目標與策略,4
21,(113-3) 聯合國永續發展目標 SDGs，其中之一旨在消除各地一切形式之貧窮，下列哪一個不屬於此目標？,終結極端貧困，確保足夠的食物、合適的居所與基本保障,降低各層面的貧困，特別是確保開發中國家之充分就業與社會保護,擴大貧困族群對於社會、政治與經濟事務之參與,提供普及且高品質的義務教育與學前教育,4
22,(113-3) 有關《氣候變遷綱要公約》(UNFCCC)的敘述，下列何者正確？,該公約對個別締約國規定具體需承擔的義務,該公約具有法律上的約束力,該公約並未規定可在後續從屬的議定書中設定強制碳排放限制,各國與會代表會在各年度的會議中，達成相關的決議內容，成為研究國際氣候變遷治理機制之重要依據,4
23,(113-3) 有關《企業永續報告指令》(CSRD)與《非財務報告指令》(NFRD)之關係，以下敘述正確的有幾項？ I. NFRD 取代 CSRD，象徵將 ESG 報導予以強制性；II. NFRD 規範大型企業不須揭露如員工待遇、 尊重人權、反貪汙賄賂及公司董事會的多元化（如年齡、性別、教育和專業背景等）等資訊；III. CSRD  是歐盟第一個對企業規範 ESG 報導的制度；IV. CSRD 只是歐盟永續財務架構的一部份，該架構也包 括金融市場參與者的 ESG 揭露要求，例如永續金融揭露規範(SFDR)以及歐盟分類標準(EU Taxonomy  Regulation),1 項,2 項,3 項,4 項,1
24,(113-3) 下列有關格拉斯哥氣候協議(Glasgow Climate Pact)之敘述，正確的有幾項？ I.協議將原本五年檢視一 次之國家自主貢獻(NDCs)改為三年檢視一次；II.協議中『逐步淘汰』(phase out)對煤炭和化石燃料補助； III.提出全球甲烷承諾(Global Methane Pledge)；IV.敦促已開發國家持續提供資金，協助發展中國家對抗 氣候變遷問題,0 項,1 項,2 項,3 項,3
25,(113-3) 氣候變遷可能對組織造成財務衝擊，如損害資產或供應鏈中斷等影響，包含颱風、龍捲風、洪水等極端氣 候事件。氣候相關財務揭露工作小組(TCFD)建議當中，上面的描述被歸類在實體風險當中的哪一種風險？,立即性風險(Acute Risk),市場風險(Market Risk),長期性風險(Chronic Risk),技術風險(Technology Risk),1
26,(113-3) 國際財務報導準則永續揭露準則（IFRS 永續揭露準則）的 S1/S2 準則，皆參考哪一個永續相關框架 而制定？,PCAF,TCFD,GRI,TNFD,2
27,(113-3) 下列何者為「本國銀行氣候風險財務揭露指引」，要求銀行於定期檢視氣候風險管理政策及作法時， 應參考之資料？,情境分析及壓力測試之結果,金融股市之永續投資分析報告,KOL 之最新言論,客戶滿意度調查結果,1
28,(113-3) 「永續報告書作業辦法」規範 14 個產業應揭露具產業重大性且投資人關注之永續相關指標，企業對 應之產業，係依循何種分類標準準則？,企業自行分類,國內上市櫃公司產業類別,美國 SASB 產業分類,全球行業分類標準(GICS),2
29,(113-3) 關於國際永續準則理事會(ISSB)，於 2023 年中正式發布永續揭露準則 S2，其揭露要求重視的是什麼， 下列何者正確？,僅適用聯合國成員國,僅提供指引，關鍵是當地政策制定者如何將其在地化,僅強調氣候的風險與機會,廣泛考量 ESG 所有面向，評估永續的風險與機會,3
30,(113-3) 「永續報告書作業辦法」規範應專章揭露氣候相關資訊的餐飲業，哪一項描述正確？,餐飲收入占其全部營業收入之比率達 100%,餐飲收入占其全部營業收入之比率達 75%,餐飲收入占其全部營業收入之比率達 50%,餐飲收入占總營收比率達 25%以上,3
31,(113-3) 氣候相關財務揭露工作小組(TCFD)對於四項核心要素當中的策略，哪一個描述正確？,是指組織如何鑑別、評估和管理氣候相關風險,是指組織業務、策略和財務規劃，揭露實際及潛在與氣候相關的衝擊,是指組織與氣候相關風險與機會的治理情況,是指針對重大性的資訊，揭露用於評估和管理氣候相關議題的指標和目標,2
32,(113-3) 「本國銀行氣候風險財務揭露指引」要求銀行針對哪兩項風險進行情境分析與壓力測試，以評估氣候 風險對其業務之影響？ 甲.轉型風險；乙.實體風險；丙.信用風險；丁.市場風險,僅甲、乙,僅甲、丙,僅乙、丙,僅丙、丁,1
33,(113-3) 根據「保險業氣候相關風險財務揭露指引」，保險業進行投資管理時，下列敘述何者正確？ 甲.訂定 適當程序以評估及管理投資標的所涉之氣候相關風險；乙.就涉及較高氣候相關風險之投資標的應有額 外之審查機制；丙.定期評估投資標的所涉氣候相關風險之變動，以作為調整投資部位之依據,僅甲,僅乙、丙,僅甲、丙,甲、乙、丙皆是,4
34,(113-3) 最早適用我國 IFRS 永續揭露準則的上市櫃公司是哪一年會計年度？,2025 年,2026 年,2027 年,2028 年,2
35,(113-3) 下列何者尚未納入證券期貨業揭露碳盤查時程？,非屬上市上櫃公司子公司之綜合證券商,上市上櫃公司子公司之綜合證券商,證券投資信託事業,證券投資顧問事業,4
36,(113-3) 有關 GRI 準則中對於決定重大主題時，組織鑑別衝擊的相關敘述，下列何者正確？,可以使用第三方評估所得的資訊,不可以使用第三方評估所得的資訊,不可以使用自己評估所得的資訊,只可以使用自己評估所得的資訊,1
37,(113-3) 相較於其他永續框架與揭露指南，SASB 準則具有以下特性，哪一項是錯誤的？,符合成本效益原則,揭露具財務重大的永續資訊,無特定行業分類，皆能適用,決策有用性,3
38,(113-3) 氣候相關財務揭露工作小組(TCFD)的四項核心要素，下列何者錯誤？,治理：該組織針對氣候相關風險與機會的治理,策略：氣候相關風險與機會對於組織的業務、策略和財務規劃的實際和潛在衝擊,風險管理：組織鑑別、評估和管理氣候相關風險的流程,指標和目標：用以評估和管理企業內部短中長期的業績成長,4
39,(113-3) 下列何者為「證券投資信託事業證券投資顧問事業環境、社會及治理(ESG)投資與風險管理作業流程暨 ESG 資訊揭露實務指引」中，鼓勵證券投資信託事業及證券投資顧問事業於永續報告書或網站中揭露 之內容？ 甲. ESG 投資與風險管理之治理機制運作情形；乙.辨識、評估、管理及監控 ESG 相關風險 之作業程序及管理措施；丙.盡職治理政策及執行情形,僅甲,僅甲、乙,僅甲、丙,甲、乙、丙,4
40,(113-3) 有關組織依循 GRI 進行報導的敘述，下列敘述何者正確？,如果組織未能符合依循 GRI 準則報導的所有要求，仍可以參考 GRI 準則進行報導,如果組織未能符合依循 GRI 準則報導的所有要求，就不可以參考 GRI 準則進行報導,如果組織未能符合依循 GRI 準則報導的所有要求，仍可以聲明已完整依循 GRI 準則,如果組織未能符合依循 GRI 準則報導的所有要求，只要符合九成以上的要求，就可以聲明依循GRI 準則,1
41,"(113-3) 資產管理規模未達 1,000 億之證券投資信託事業，應於哪一年度完成並揭露溫室氣體盤查確信？",116 年,117 年,118 年,119 年,4
42,(113-3) 根據「證券投資信託事業證券投資顧問事業環境、社會及治理(ESG)投資與風險管理作業流程暨 ESG  資訊揭露實務指引」，下列何者須對 ESG 投資與風險管理負有最終責任？,股東,董事會,高階管理階層,基層員工,2
43,(113-3) 在確信準則 3000 號中所提到的「不實表達」指的是：,適當方所提供之標的資訊為錯誤之資訊,適當方所提供之標的資訊與標的依基準衡量或評估所應有之結果，二者之間之差異,適當方未提供標的資訊之相關佐證文件,以上皆是,2
44,(113-3) SASB 準則五大面向當中的商業模式與創新(Business Model and Innovation)，下列何者是其包含的 ESG  議題？,合理的行銷和廣告(Selling Practices & Product Labeling),產品設計和生命週期管理(Product Design & Lifecycle Management),系統風險管理(Systemic Risk Management),生態衝擊(Ecological Impacts),2
45,(113-3) 屬上市上櫃公司子公司之證券商，及實收資本額達新臺幣二十億元以上但未達五十億元之證券商，應 於哪一個年度編製及發布永續報告書？,112 年,113 年,114 年,115 年,2
46,(113-3) 根據「本國銀行氣候風險財務揭露指引」，以下敘述何者錯誤？,董事會及高階管理階層應將氣候風險因素納入銀行風險胃納、策略及經營計畫中，包括辨識及評估 氣候相關之風險與機會，以及其對銀行策略與計畫之影響,董事會應核定氣候風險管理政策，並據以指導、監督及管理銀行對氣候風險之暴險情形，確保銀行 訂定之定性及定量措施符合其風險胃納,高階管理階層應訂定氣候風險管理之政策、管理制度及監控指標，定期檢視其有效性與執行情形,銀行應不定期向董事會報告氣候風險之相關資訊，以利董事會及高階管理階層於制定策略規劃及監 控業務時納入考量,4
47,(113-3) 依據溫室氣體盤查作業基本程序，下列描述何者正確？,若企業具有環境部公告納管事業者，該納管事業之盤查邊界由企業自行設定，並依據營運控制權法 區分為直接排放或能源間接排放的單元或程序,金管會要求盤查邊界設定不需要與財務報表一致，但對於子公司溫室氣體排放量納入統計方法並無 規範，僅要求企業內部各子公司必須一致,溫室氣體盤查主要依循四個步驟：決定排放量計算方式、蒐集活動數據、選擇合適的排放係數、計 算溫室氣體排放量,不論依循任何溫室氣體盤查規範，企業都不一定要界定盤查的範圍,3
48,(113-3) 下列何者為「本國銀行氣候風險財務揭露指引」要求銀行訂定高氣候風險資產之管理措施時，至少應 包括考慮哪些因素？ 甲.氣候風險之重大性；乙.銀行對該資產之管理能力；丙.是否有抵減銀行曝險 之替代做法；丁.客戶改善自身氣候風險之意願與能力,僅甲、乙、丁,僅甲、丙、丁,僅甲、乙、丙,以上皆非,3
49,(113-3) 國家災害防救科技中心提供的 3D 災害潛勢地圖包含哪些重要災害資訊？,淹水,土石流,土壤液化,以上皆是,4
50,(113-3) 下列何者為長期性的氣候實體風險？,今年侵台颱風個數比去年多,八八風災重創小林村,卡努颱風重創南投,臺灣夏季增長,4
51,(113-3) 因應傳染性疾病肆虐的新興風險，金融機構可提供什麼金融商品以協助減緩或調適該風險？,微型保單,長照保險,戒菸治療外溢保單,防疫保單,4
52,(113-3) 金融機構中關於氣候風險議題的最高治理單位為何？,董事會,企業永續委員會,風險管理委員會,TCFD 工作小組,1
53,(113-3) 下列何者是氣候變遷的減緩策略？,發展碳捕捉技術,增加再生能源發電,減少食物浪費,以上皆是,4
54,(113-3) 下列哪一種氣體不是我國「溫室氣體減量及管理法」所管制的溫室氣體？,二氧化碳,甲烷,臭氧,六氟化硫,3
55,(113-3) 根據世界經濟論壇《2023 全球風險報告》，未來 10 年內影響全球的前 4 大風險都是屬於哪一類型的 風險？,環境風險,社會風險,治理風險,戰爭風險,1
56,(113-3) 根據《臺灣氣候變遷科學報告 2017-物理現象與機制》報告，未來西北太平洋與侵臺颱風的個數有何趨勢？,增加,不變,減少,資料不足難以判斷,3
57,(113-3) 根據聯合國政府間氣候變遷專門委員會(IPCC)AR6 報告，相對於基期 1850 至 1900 年，21 世紀末的全 球升溫將超過 2°C 的是哪一種情境？,SSP1-1.9,SSP1-2.6,SSP2-4.5,SSP3-7.0,4
58,(113-3) IPCC「2022 氣候變遷：影響、調適與脆弱性」報告中，針對沿海社會生態系統的風險提出調適選項， 下列何者並非其選項？,改善排水,海堤和海岸養護,鼓勵居民從沿海地區撤離,鼓勵居民節能減碳,4
59,(113-3) 民眾想要查詢臺北市淹水潛勢，應該到哪一個單位網站查詢？,農委會,臺灣氣候變遷推估資訊與調適知識平台,世界資源研究所,國家災害防救科技中心,4
60,(113-3) 聯合國政府間氣候變遷專門委員會(IPCC)對未來全球氣候長期推估中，採用的溫室氣體排放軌跡情境 包含哪些溫室氣體？ 甲.二氧化碳；乙.臭氧；丙.二氧化硫；丁.甲烷,甲、乙、丙,甲、乙、丁,甲、丁,甲、丙、丁,4
61,(113-3) 以下何種 ESG 投資方法是藉由股東權力來影響企業行為，例如委由循 ESG 指導原則的股務代理機構 行使投票權？,永續相關主題投資,影響力與社區投資,企業參與及股東行動,整合 ESG 因子,3
62,(113-3) 有關國內公司治理評鑑的敘述，何者正確？,現行公司治理評鑑為使投資大眾能了解受評公司的整體表現，目前未分產業公布排名，僅以整體受 評公司的方式公布,現行公司治理評鑑為進行差異化管理，公布所有受評上市（櫃）公司七級距名單,公司治理評鑑每兩年辦理一次,現行公司治理評鑑只包括公司治理有關的指標,2
63,(113-3) 以下何者非國內公司治理評鑑的推動目的？,樹立企業學習的榜樣，發揮典範作用,引導企業建立良好公司治理制度與文化,透過弱化董事會以維護其他利害關係人的權益,讓投資者能夠更全面地評估和選擇投資對象,3
64,(113-3) 「2050 淨零排放路徑」中將「綠色金融」列入淨零排放路徑的十二項關鍵戰略之一，提出透過綠色融 資與增加投資，進而引導臺灣產業綠色轉型，並提出此四大轉型議題，包括以下哪些轉型？ 甲.能源轉型；乙.產業轉型；丙.生活轉型；丁.消費轉型；戊.社會轉型；己.農業轉型,甲、乙、丙、丁,甲、乙、丙、己,甲、乙、丙、戊,甲、乙、丁、己,3
65,(113-3) 某保險公司於保單中表明，若「單日累積降水量達 201.（113-3）0 毫米以上」即給予被保險人理賠。請問該保 單可能為哪一種保險？,節能保險,參數型天氣保險,能源效率保險,氣候保險,2
66,(113-3) 下列何者為永續連結貸款的條件？,貸款方必須屬於綠色產業,貸款方須屬於綠色產業，且不可有違反 ESG 相關法規之前例,貸款方可以是一般產業，但款項必須用在促進永續的用途,貸款方可以是一般產業，但需要設定永續關鍵績效指標與目標,4
67,(113-3) 目前關於綠色保險之描述何者正確？,只有著重於環境污染的責任險才算是綠色保險,具有綠色性質或元素之保險商品皆可稱為綠色保險,發行人將所募集的資金全數投入綠能發展中，即屬於綠色保險,綠色保險投入資金以協助金融機構將其運用於汙染防制等專案,2
68,(113-3) 以下何種 ESG 投資方法是選取相對於同業在 ESG 表現上較為積極的公司或項目作為投資標的，為評 斷公司 ESG 表現的好壞，如以某個具公信力的永續指數來訂定量化標準？,負向表列∕排他性篩選,產業別最佳∕正向選股,企業參與及股東行動,整合 ESG 因子,2
69,(113-3) 以下何者為歐盟綠色債券標準之內容？ 甲.募得款項用途需與永續性分類規則具備一致性；乙.由發行 人擬定的綠色債券框架的內容；丙.資金分配與影響報告；丁.要求由合規的獨立第三方進行外部驗證,僅甲、乙,僅甲、乙、丙,僅甲、乙、丁,甲、乙、丙、丁皆是,4
70,(113-3) 永續發展債券(GSSS)不包含以下何者主題？,綠色債券(Green),社會債券(Social),公司治理(Governance),可持續發展(Sustainability),3
71,(113-3) 下列何者是強制性的國際倡議？ 甲.責任投資原則；乙.永續保險原則；丙.責任銀行原則；丁.赤道原則,僅甲、丙,僅甲、丁,僅甲、乙、丁,甲、乙、丙、丁皆非,4
72,(113-3) 甲保險公司為再生能源發電業者設計了一項保險商品，主要承保再生能源業者於建造及營運過程中所 面臨的風險。請問以上敘述是指哪一種綠色保險？,能源效率保險,節能保險,再生能源產業保險,以上皆非,3
73,(113-3) 有關國內公司治理評鑑的功能，何者正確？,公司治理評鑑結果之應用，可用來做為編製公司治理指數之依據,可以進行差異化管理，針對評鑑表現較不理想之公司，酌情增加相關監理措施，以強化公司治理之落實,公司治理評鑑結果可做為投資人評估公司 ESG 表現的參考,以上皆正確,4
74,(113-3) 赤道原則按照潛在的環境社會風險和影響程度將專案融資案件分類成 A、 B、C 三個等級，以下有關 分類等級 A 類的說明，哪項是正確的？,A 級係指無風險案件，即經評估後無不利風險及或影響,A 級係指中風險案件，即經評估後顯示專案對環境和社會可能造成不利的程度有限，影響侷限於特 定地點，且可藉減緩措施降低或免除衝擊,A 級係指低風險案件，即經評估後顯示專案對社會和環境影響輕微,A 級係指高風險案件，即經評估後顯示專案對環境和社會有潛在重大不利及或涉及多樣的、不可逆 的或前所未有的影響,4
75,(113-3) 關於發行綠色債券，下列敘述何者正確？,所募集之資金不限其用途,所募集之資金用於綠色投資計畫之放款須達 50%以上,所募集之資金須全部用於綠色投資計畫之放款,綠色投資計畫必須可以降低碳排放量,3
76,(113-3) 有關永續金融商品之敘述，下列何者正確？,債券、基金、ETF 等金融商品皆可於投資流程中納入 ESG 因素,由於永續投資領域尚處於發展階段，投資方法論及具體影響皆未明確，故目前僅有機構投資人可購 買永續金融商品,投資流程中納入永續概念可降低風險，然而衍生性商品風險相對較高，兩者概念相違背，故目前衍 生性商品尚無法納入 ESG 因素,永續債券可分為綠色、社會、可持續發展及可持續發展連結債券，臺灣發行規模最大的類型為可持 續發展債券,1
77,(113-3) 下列何者不是永續保險原則(PSI)的主要項目？,將 ESG 議題納入融資分析中,將與保險業相關 ESG 議題融入公司決策,與各國政府合作，共同推動 ESG 相關行動,揭露永續保險原則實行狀況,1
78,(113-3) 若銀行 A 欲正式加入 PRB，應進行的流程包括下列哪些？ 甲.銀行總經理(CEO)簽署 PRB 並向 UNEP FI  遞交會員資格申請；乙.應通過公開徵求意見之規範；丙.由銀行發布載有 CEO 聲明的新聞稿宣佈其正式加 入 PRB；丁.完成簽署後，應進行影響分析、目標制定與實施及定期揭露,僅甲、乙、丙,僅甲、乙、丁,僅甲、丙、丁,甲、乙、丙、丁皆是,3
79,(113-3) 關於責任銀行原則(PRB)的六大框架，何者說明有誤？,一致性：銀行應確保策略與聯合國永續發展目標 SDGs、《巴黎協定》一致並有所貢獻,利害關係人：銀行應主動、定期與利害關係人進行接觸、協商、互動、合作，從而實現社會目標,治理與文化：銀行應直接透過總經理呼籲負責任的銀行文化，並定期對員工進行測驗，以履行其對 原則的承諾,公開揭露及當責：銀行應定期評估原則的履行情況，公開揭露正面和負面影響以及對社會目標的貢 獻，並對相關影響負責,3
80,(113-3) 下列有關於永續保險原則(PSI)之敘述何者錯誤？,永續保險原則為第一個針對保險業的框架,由聯合國環境規劃署金融倡議機構啟動,必須將巴黎協定整合至業務發展中,提供保險公司及其利害關係人具體的永續作為,3
1,(113-4) 企業永續報告指令(CSRD)分四個階段生效，不同類別的公司有其遵守報告要求的時間；在歐盟上市的「中小企業」 及小型而不複雜的信貸機構與專屬的保險公司，自何時起適用？,2024 年 1 月 1 日,2024 年 12 月 31 日,2025 年 1 月 1 日,2026 年 1 月 1 日,4
2,(113-4) ESG 涵蓋內容不包含下列何者？,社會責任,環境保護,公司治理,政府保護,4
3,(113-4) 關於「利害關係人理論」之敘述，下列何者較不適當？,將利害關係人受影響程度放置在營運模式,追求極大化股東利潤為終極目標,確保企業價值能與社會價值相吻合,強調企業經營必須為所有人創造永續且長期共同價值,2
4,(113-4) 我國推動綠色金融行動方案 3.（113-4）0，在資料面向，不包含下列哪一項？,建置企業 ESG 資料平台,統計因應氣候變遷之承保情形及永續保險商品數據,辦理永續領域投融資,研議優化氣候變遷風險相關資料庫,3
5,(113-4) 2019 年 12 月時，歐盟委員會提出下列何項政策，以宣示歐洲將於 2050 年實現氣候中和，且將此納入具有約束力 的《歐洲氣候法》(European Climate Law)中？,歐盟永續分類標準(EU Taxonomy),歐洲綠色政綱(European Green Deal),碳邊境調整機制(CBAM),企業永續報告指令(CSRD),2
6,(113-4) 下列哪一個組織主要負責研究與評估由人類活動所造成的氣候變遷現象與問題，並提供相關的科學評估報告 (Assessment Report)？,世界銀行(World Bank),國際再生能源總署(IRENA),政府間氣候變遷專門委員會(IPCC),國際能源總署(IEA),3
7,(113-4) 有關「歐盟永續分類標準(EU Taxonomy)」，此分類法將評估主體從「企業」整體轉向下列何者，並賦予活動具體 的永續定義？,國家,消費者,經濟活動,生產者,3
8,(113-4) 《氣候變遷綱要公約》(UNFCCC) 附件一締約國名單係指下列哪些國家？,經濟合作與發展組織(OECD)成員,已工業化和正在朝市場經濟過渡的國家,聯合國成員國,貧窮落後之國家,2
9,(113-4) 有關碳邊境調整機制(CBAM)的重要實施時程，自何時起過渡期結束，開始正式實施付費制的 CBAM？,2023 年 10 月,2024 年 1 月,2026 年 1 月,2026 年 12 月,3
10,(113-4) 永續發展目標指南的五大流程考慮旨在確保什麼？,提高員工的工作效率,實現 SDGs 的最佳效果，促進綜合性、整體性和可持續性,縮短企業的獲利時間,組織遵守法律法規,2
11,(113-4) 氣候變遷是地球和人類的重大課題，亦於下列哪個協定中，揭示為全世界共通的長期目標？,「柏林授權」(Berlin Mandate),《日內瓦部長宣言》(The Geneva Ministerial Declaration),「巴黎協定」(Paris Agreement),京都議定書(Kyoto Protocol),3
12,(113-4) 將因天然災害、公司治理不當或其他永續議題而對企業產生的負面風險，納入投資決策過程的政策資訊；這是屬於 下列哪方面的資訊揭露？,永續性風險政策,產品的獲利性揭露,不利的永續性影響,產品級別揭露,1
13,(113-4) 我國推動上市櫃公司永續發展行動方案，推動薪酬合理化，鼓勵高階薪酬與什麼做連結？,鼓勵高階薪酬與工作績效連結,鼓勵高階薪酬與 ESG 績效連結,鼓勵高階薪酬與減碳績效連結,鼓勵高階薪酬與業務推廣績效連結,2
14,(113-4) 有關企業永續報告指令(CSRD)的適用範圍，下列敘述何者錯誤？,所有在歐盟的大型公司,所有在歐盟指數(EU index)上發行證券的上市公司,所有在歐盟的微型企業,在歐洲有重大業務的非歐盟公司,3
15,(113-4) 有些企業因成本考量，不試圖從營運流程中減少碳排，而是將碳排放量從 A 國移到 B 國，或是從不積極從事減碳 的地區進口替代品，如此會對全球的碳排放量(carbon emission)產生何種影響？,會大幅減少全球的碳排放量,對全球的碳排放量完全沒有影響,不會減少全球的碳排放量,對全球在 2050 年達成淨零碳排的目標完全沒有影響,3
16,(113-4) 我國推動綠色金融行動方案 3.（113-4）0 之中五大推動面向，不包含下列何者？,佈局,生態系,轉型,資金,3
17,(113-4) 聯合國永續發展目標 SDGs 目標 12：落實永續消費及生產模式，下列哪一個不屬於目標重點內容？,促進綠色產品與技術之研發及應用,針對永續消費及生產，強化相關資訊提供與人才培育,推廣永續消費,推動生態旅遊,4
18,(113-4) 「巴黎協定」讓各締約方依狀況及能力，提出各國的國家自主貢獻(NDCs)的溫室氣體減量目標以及計畫，並以每幾 年為一週期提交 NDCs，以落實全球氣溫升高幅度介於 1.（113-4）5℃之目標？,1 年,3 年,5 年,7 年,3
19,(113-4) 受《企業永續報告指令》(CSRD)規範的企業將依據歐盟轄屬機構「歐洲財務報導諮詢小組」(EFRAG)於 2022 年 4 月發布的哪一項規範予以揭露？,監管技術標準(RTS),歐盟永續分類標準(EU Taxonomy),歐洲永續發展報告準則(ESRS)草案,發展一套完整的歐盟永續報導準則之路徑圖,3
20,(113-4) 聯合國政府間氣候變遷專門委員會(IPCC)係由哪兩個組織共同成立？,世界銀行(World Bank)及國際能源總署(IEA),聯合國環境規劃署(UNEP)和世界氣象組織(WMO),國際貨幣基金會(IMF)及世界銀行(World Bank),聯合國環境規劃署(UNEP)及世界銀行(World Bank),2
21,(113-4) 在永續金融揭露規範(SFDR)下，下列有關基金須揭露的內容，何者正確？,無須在公開說明書載明「是否」為 ESG 基金,無論是否為 ESG 基金，都必須接受歐盟的檢驗,須揭露所投資企業碳足跡、溫室氣體排放等指標,不須揭露所投資企業廢棄物處理、性別等指標,3
22,(113-4) 根據我國推動上市櫃公司永續發展路徑圖，資本額 50 至 100 億元的上市櫃公司，須完成事項不包含下列何者？,2025 年個體公司完成盤查,2026 年合併報表子公司完成盤查,2027 年個體公司完成查證,2028 年個體公司完成盤查,4
23,(113-4) 臺灣 2050 淨零排放路徑其中生活轉型的內容，不包含下列哪一項？,提高轉型社會之韌性,推動新舊建物為淨零循環建築,培養零浪費低碳飲食習慣,「使用」取代「擁有」的生活方式,1
24,(113-4) 聯合國永續發展目標 SDGs，其中之一旨在強化永續發展執行方法、重振永續發展全球夥伴關係，下列哪一個不屬 於此目標？,促進開發中國家之間的合作,提高對開發中國家的資金與技術援助,提供合宜、可負擔的住房,加強科技創新與數位應用,3
25,(113-4) IFRS S2 氣候相關揭露要求(Climate-related Disclosures)，除依 TCFD 一般揭露的要求外，須整體考量價值鏈中氣 候相關的風險與機會，並揭露下列資訊，何者敘述錯誤？,內部碳定價之機制與流程,高階管理人員的性別比例與薪酬的平等,因應氣候相關風險和機會而產生之資本支出及投／融資金額,受氣候相關轉型／實體風險及機會影響之資產或業務金額及比例,2
26,(113-4) 下列何者不是「保險業氣候相關風險財務揭露指引」要求揭露項目？,氣候相關風險與機會之治理機制,ESG 投資與風險管理之治理機制,氣候相關風險與機會之策略,氣候相關風險之風險管理機制,2
27,(113-4) 下列何者為「證券期貨業永續發展轉型執行策略」之推動目標？ 甲、完善永續生態體系 乙、強化證券期貨業 自律機制與整合資源 丙、保障投資人或交易人權益及建構公平友善服務,僅甲、乙,僅乙、丙,僅甲、丙,甲、乙、丙,4
28,(113-4) 「永續報告書作業辦法」規範企業未納入盤查計算之營運據點或子公司占總排放量之比重上限為何？,不得高於 10%,不得高於 5%,不得高於 3%,不得高於 1%,2
29,(113-4) 依確信準則 3000 號執行確信工作之執業人員，在確信工作執行中發現關鍵績效指標之適用基準之部分或全部不妥 適，或標的之部分或全部不適當，須考量下列哪一個做法？,執業人員可直接出具保留結論之確信報告,執業人員可直接出具無法表示結論之確信報告,如法令允許終止委任，則須考量終止委任此確信案件,執業人員僅須視情況出具保留結論、否定結論或無法表示結論之確信報告,3
30,(113-4) G20 財政部長和中央銀行總裁懇請金融穩定委員會(FSB)，檢視金融部門該如何應對氣候相關議題。FSB 在審查過 程中發現滿足充分資訊的需求將帶來諸多好處，下列敘述何者錯誤？,能夠改善投資人的決策品質，但仍無法協助企業穩定的邁向低碳經濟轉型,良好的資訊能支持投資、貸款和保險承保決策,可改善對氣候相關風險與機會的理解與分析,有助於投資人強化企業策略的韌性與資本支出決策,1
31,(113-4) 最早適用我國 IFRS 永續揭露準則的上市櫃公司，於編製哪一年度的股東會年報須揭露 IFRS 永續準則的內容？,2025 年,2026 年,2027 年,2028 年,2
32,(113-4) 「公司通過產品設計、製造和報廢管理來管理這些風險的能力，例如使用回收和可再生材料」屬於 SASB 準則當 中哪一項 ESG 議題的描述？,商業道德(Business Ethics),原料採購(Materials Sourcing & Efficiency),產品品質與安全(Product Quality & Safety),合理的行銷和廣告(Selling Practices & Product Labeling),2
33,(113-4) IFRS 永續揭露準則係強調永續資訊與什麼資訊的連結？,股東會年報,財務報表,公開說明書,永續報告書,2
34,(113-4) 根據「本國銀行氣候風險財務揭露指引」，銀行應依據下列何者採行差異化風險管理措施？,所辨識或評估之氣候風險高低或風險次序,氣候風險與其他風險之關聯性,客戶或資產組合類型,不同氣候情境分析,1
35,(113-4) 主管機關依據企業的哪種規模分階段推動「上市櫃公司永續發展路徑圖」？,按營收分階段推動,按實收資本額分階段推動,按人數規模分階段推動,按廠區數量分階段推動,2
36,(113-4) 根據「公開發行公司年報應行記載事項準則」規定，針對「溫室氣體盤查及確信情形」之揭露，應依據下列何者規 定進行？,上市櫃公司永續發展路徑圖,綠色金融行動方案 3.（113-4）0,公司治理 3.（113-4）0-永續發展藍圖,IFRS 永續揭露準則,1
37,(113-4) 為增進 ESG 基金商品資訊揭露，集保公司擬於何處建置境外 ESG 基金專區並優化投信 ESG 基金專區？,公開資訊觀測站,證交所網站,基金觀測站,集保平台,3
38,(113-4) 企業採用溫室氣體盤查或確信的衡量標準，下列何者敘述錯誤？,GHG Protocol,ISO14064-1,ISAE3410,GRI,4
39,(113-4) 「永續報告書作業辦法」規範 14 個產業應揭露具產業重大性且投資人關注之永續相關指標，企業對應之產業，係 依循何種分類標準準則？,企業自行分類,國內上市櫃公司產業類別,美國 SASB 產業分類,全球行業分類標準(GICS),2
40,(113-4) 下列何者不是「保險業氣候相關風險財務揭露指引」和「本國銀行氣候風險財務揭露指引」皆優先重視項目？,透過情境分析瞭解氣候風險相關策略,以內部控制三道防線進行風險管理,董事會及高階管理階層制定風險胃納、策略及營運計畫時，應將氣候相關風險納入考量,設置永續投資研究部門進行永續投資研究及盡職治理調查,4
41,(113-4) 針對資產管理規模未達幾億之投信業，將研議簡化揭露 ESG 內容與方式，以取代編製與發佈永續報告書？,500 億,"1,000 億","1,500 億","2,000 億",2
42,(113-4) 永續會計準則委員會(SASB)為了制定更全面、完整，且質化與量化並行的永續資訊揭露標準，結合 ESG 各面向指 標，滿足投資者的資訊需求，利於企業更全面展現長期績效與價值。為達成這一目的，SASB 準則具備某些特色， 下列哪一項不是其特色？,設計出產業特定指標,指標具備明確投資指引,指標具備一致性,指標具備可比較性,2
43,(113-4) 氣候相關財務揭露工作小組(TCFD)對於風險管理項目中，建議的揭露事項，下列何者錯誤？,描述組織在氣候相關風險的管理流程,描述氣候相關風險的鑑別、評估和管理流程如何整合在組織的整體風險管理制度,描述管理階層在評估和管理氣候相關風險與機會的角色,描述組織在氣候相關風險的鑑別和評估流程,3
44,(113-4) SASB 準則五大面向當中的領導與治理(Leadership and Governance)，下列何者是其包含的 ESG 議題？,生態衝擊(Ecological Impacts),法規和監管環境的管理(Management of the Legal & Regulatory Environment),勞工關係(Labor Practices),資訊安全(Data Security),2
45,(113-4) 下列哪一項法規／政策規定符合一定標準之上市櫃公司應依 GRI 揭露及編製永續報告書？,上市櫃公司編製與申報永續報告書作業辦法,公開發行公司年報應行記載事項準則,上市櫃公司永續發展路徑圖,我國接軌之 IFRS 永續揭露準則,1
46,(113-4) 關於溫室氣體盤查範疇，下列敘述何者正確？,其他間接溫室氣體排放，可歸類為範疇一：指來自於製程或設施之直接排放,能源間接溫室氣體排放，可歸類為範疇三：指來自於使用電力或蒸汽之能源利用所產生之間接排放,租賃、委外業務、員工通勤、商務旅行等活動屬於公司的直接溫室氣體排放,來自於製程或設施之直接排放，歸類為直接溫室氣體排放,4
47,(113-4) 國際財務報導準則永續揭露準則（IFRS 永續揭露準則）的 S1／S2 準則，皆參考哪一個永續相關框架而制定？,PCAF,TCFD,GRI,TNFD,2
48,(113-4) 依據「推動永續發展執行情形及與上市上櫃公司永續發展實務守則差異情形及原因」，下列何者產業須區分有害 廢棄物及非有害廢棄物之總重量？,製造業,金融業,生技醫療業,航運業,1
49,(113-4) 金融機構提供以房養老貸款有助於達成哪一項永續目標（或減緩哪一個風險）？,消除貧窮,缺乏居住正義,城鄉差距擴大,超高齡化,4
50,(113-4) 「為減緩對自然造成的破壞，開發新技術或設備，導致成本提升並影響獲利」是下列哪一種風險？,法規與政策風險,技術風險,市場風險,聲譽風險,2
51,(113-4) 利害關係人對企業氣候變遷行動的觀感或評價，影響其商品或服務需求及取得資金或招募員工能力是屬於哪一種 氣候轉型風險？,政策和法規風險,技術風險,市場風險,名譽風險,4
52,(113-4) 聯合國政府間氣候變遷專門委員會(IPCC)第三工作小組主要負責的工作為何？,氣候變遷的物理科學基礎分析,氣候變遷的衝擊、風險與調適分析,提供各種氣候情境設定,各項減緩措施的治理選擇與社會接受度,4
53,(113-4) 聯合國「2030 永續發展」的 17 項目標中，下列哪一項與環境風險關聯度較低？,潔淨水資源與衛生,可負擔的潔淨能源,氣候行動,消除貧窮,4
54,(113-4) 高碳排產業不包含下列哪一個行業？,電力供應業,航空運輸業,鋼鐵業,金融業,4
55,(113-4) 民眾想要查詢臺中市東勢區地區斷層與土壤液化資料，應該到哪一個單位網站查詢？,農委會,科技部,國家災害防救科技中心,經濟部水利署,3
56,(113-4) 下列何者為金融機構面對治理風險應有的作為？,與大學產學合作,增加聘用身心障礙員工,建立完善的育嬰留職停薪制度,成立「防制洗錢及打擊資恐委員會」,4
57,(113-4) 因應傳染性疾病肆虐的新興風險，金融機構可提供什麼金融商品以協助減緩或調適該風險？,微型保單,長照保險,戒菸治療外溢保單,防疫保單,4
58,(113-4) 下列何者不是氣候變遷的調適策略？,加高防波堤,購買颱風洪水保險,廢棄物防治,選擇居住在地勢較高的地區,3
59,(113-4) 「全球暖化造成海平面上升，預期未來沿海地區房價下跌」是下列哪一種風險？,立即性實體氣候風險,長期性實體氣候風險,聲譽風險,預期心理風險,2
60,(113-4) 下列何者為能源效率保險(EEI)的承保範圍？ 甲、設施損壞 乙、營業中斷 丙、資產表現,僅甲,僅甲、乙,僅甲、丙,甲、乙、丙,4
61,(113-4) 下列何者非「機構投資人盡職治理守則」的原則？,建立並揭露明確投票政策與揭露投票情形,制定並揭露利益衝突管理政策,參與被投資公司的經營權及董監事選舉,服務提供者應提供可協助機構投資人履行盡職治理責任之服務,3
62,(113-4) 公司 A 發行公司債籌資，且其籌得資金將全部用於廢棄物回收處理投資，該債券可以申請何種債券認可？,綠色債券,社會責任債券,可持續發展債券,無法申請任何債券認可,1
63,(113-4) 下列何者屬於綠色信用卡的例子？ 甲、將信用卡消費回饋部分投入於全球各地的環保計畫中 乙、結合信用卡 平台記錄民眾的環保行為換取點數作回饋 丙、運用環保材質製作信用卡,僅甲,僅甲、乙,僅甲、丙,甲、乙、丙,4
64,(113-4) 各國主管機關所發布之盡職治理守則，主要規範對象為下列何者？,上市櫃公司,一般投資人,機構投資人,理財顧問,3
65,(113-4) 目前臺灣發行的永續債券中，下列哪種發行檔數最多？,綠色債券,社會債券,可持續發展債券,可持續發展連結債券,1
66,(113-4) 有關國內公司治理評鑑的敘述，下列何者正確？,現行公司治理評鑑為使投資大眾能了解受評公司的整體表現，目前未分產業公布排名，僅以整體受評公司的方式 公布,現行公司治理評鑑為進行差異化管理，公布所有受評上市（櫃）公司七級距名單,公司治理評鑑每兩年辦理一次,現行公司治理評鑑只包括公司治理有關的指標,2
67,(113-4) 下列何者不屬於責任銀行原則(PRB)的六大框架？,一致性,衝擊與目標設定,與客戶合作,節能與減碳,4
68,(113-4) 下列何者為節能保險(ESI)的資金提供者？ 甲、HSB 工程保險公司 乙、丹麥能源署 丙、慕尼黑再保 丁、潔淨能源基金,僅甲、乙,僅乙、丁,僅甲、丁,甲、乙、丙、丁,0
69,(113-4) 持有永續相關債券的投資人能透過什麼管道獲得發行企業的永續資訊？ 甲、發行永續債券計畫書 乙、定期申 報之資金運用評估報告 丙、存續期間結束後之資金運用評估報告 丁、發行企業的財務報告書,僅甲、乙,僅乙、丙,僅甲、乙、丙,甲、乙、丙、丁,3
70,(113-4) A 保險將小公司無法承擔的汙染風險轉嫁給保險公司，同時對社會善盡企業責任。請問 A 保險最可能為哪一種綠 色保險？,環境汙染責任保險,共享經濟類型保險,氣候保險,綠色汽車保險,1
71,(113-4) 下列何者為 ESG 評比治理項目常見之指標？,商業道德,勞動力管理,低碳策略,人才吸引與留任,1
72,(113-4) 下列關於永續連結貸款專案的敘述，何者錯誤？,永續連結貸款就是綠色貸款,長期監控 ESG 指標，並將永續績效與貸款利率定價連結,永續連結貸款的資金用途不限於特定目的,若企業達成相關 ESG 績效指標即可降低融資成本,1
73,(113-4) 目前產險公會將綠色保險區分為四大類別，請問離岸風電保險屬於哪一個類別？,積極性節能減碳保險,消極性風險移轉保險,再生能源產業保險,創新服務與流程,3
74,(113-4) 低碳金融之範疇包括下列何者？ 甲、氣候變遷緩解 乙、氣候變遷調適 丙、公司治理 丁、社會,僅甲,僅甲、乙,僅甲、乙、丙,甲、乙、丙、丁,1
75,(113-4) 下列有關永續與責任投資之敘述何者正確？,僅注重社會效益,較為重視社會效益，不太在意投資利潤,僅在意投資利潤,在選定的 ESG 及永續基礎上，追求市場利潤,4
76,(113-4) 有一永續指數在其選股過程中，主要投資於從事 ESG 議題之相關產業，並根據聯合國發布的國際標準，對企業業 務或實踐進行投資的篩選，請問該指數運用了哪些投資方法？ 甲、正向選股 乙、產業別最佳 丙、永續相關主 題投資 丁、以標準為依據選股,僅甲、乙,僅乙、丙,僅丙、丁,僅甲、丁,3
77,(113-4) 下列何者非綠色債券中之綠色投資計畫？,溫室氣體減量,化石燃料發電,能源使用效率提昇及能源節約,農林資源保育,2
78,(113-4) 關於發行綠色債券，下列敘述何者正確？,所募集之資金不限其用途,所募集之資金用於綠色投資計畫之放款須達 50%以上,所募集之資金須全部用於綠色投資計畫之放款,綠色投資計畫必須可以降低碳排放量,3
79,(113-4) 有關於目前臺灣再生能源保險的操作實務，下列敘述何者錯誤？,再生能源保險將保險的價值進階為事前預防,目前已有保險公司取得全球風能組織基本安全訓練證照，提升員工對離岸風電的風險認知,再生能源保險由潔淨能源基金(Clean Energy Fund)提供資金,保險公司藉由跨領域的合作，倚賴專家的技術，分析太陽能板的抗風能力,3
80,(113-4) 下列有關盡職治理之敘述，何者錯誤？,盡職治理係指對於他人資產所負擔的照顧管理責任,盡職治理守則起源於英國所發布的「機構股東及其代理人責任—基本原則聲明」,我國目前仍未訂定盡職治理守則,投資機構可透過關注被投資公司的運營狀況、行使股東會投票權以及與被投資公司對話議合等方式以落實盡職 治理,3
1,(113-5) ESG 中的 E 是希望公司能做到以下何者?,排放溫室氣體,水汙染防治系統,破壞生物多樣性,增加能源開採,2
2,(113-5) 我國推動綠色金融行動方案 3.0，針對資金面向之具體措施內容，下列何者為非？ ,協助金融機構取得綠色相關產業融資,研議氣候風險之監控機制,辦理永續領域投融資,發行與投資綠色債券,2
3,(113-5) 《氣候變遷綱要公約》(UNFCCC)附件一締約國應制定下列哪一項政策？,應承擔為開發中國家提供資金與技術援助等責任,制定全球暖化政策,承諾國家自主貢獻(NDCs),應制定國家政策和採取相應的措施來減緩氣候變化,4
4,(113-5) 2023 年聯合國氣候變化大會(COP28)，於 2023 年 11 月 30 日至 12 月 12 日在哪一國舉行？ ,法國,杜拜,日本,西班牙,2
5,(113-5) 我國推動綠色金融行動方案 3.（113-5）0，三大核心策略包含下列哪一項？ ,協力合作深化永續發展及達成淨零目標,整合資料及數據以強化氣候韌性與因應風險之能力,揭露碳排資訊，從投融資推動整體產業減碳,以上皆是,4
6,(113-5) 上市上櫃公司永續發展實務守則的主要目的是什麼？ ,強制公司實施環保措施,凸顯我國企業重視永續發展並戮力實踐,減少公司的社會責任,鼓勵公司追求最大化短期獲利,2
7,(113-5) 藉由跨國減量之京都機制，締約國得以自其他國家執行的減量活動中，獲得較多的氣體減量配額，以達到 自身承諾的減量承諾目標，稱為下列何者？ ,國家自主貢獻(NDCs),先行作為(lead action)氣候變遷行動,承諾碳中和(Carbon neutrality)目標,"碳排放交易機制(Emission Trade, ET)",4
8,(113-5) 我國氣候變遷因應法中，穩健實施碳定價的用意是？ ,提高能源價格以減少能源消費,增加企業的成本負擔,有效降低溫室氣體排放之政策工具,限制經濟發展和產業成長,3
9,(113-5) 利害關係人理論強調企業應該追求以下哪種類型的價值創造？ ,僅追求員工和管理層的利益,長期價值的創造，綜合考慮所有利害關係人的需求,短期利益的最大化,追求股東的經濟利益,2
10,(113-5) 我國推動上市櫃公司永續發展路徑圖，主要是訂定上市櫃公司什麼時程，以達永續發展？ ,企業社會責任報告編製時程,溫室氣體盤查資訊揭露時程,財務數據揭露時程,聯合國永續發展目標執行時程,2
11,(113-5) 臺灣 2050 淨零排放路徑以四大轉型為策略，請問下列哪一個項目不在其中？ ,科技轉型,能源轉型,產業轉型,生活轉型,1
12,(113-5) 《氣候變遷綱要公約》(UNFCCC) 是於哪一個會議中所提出？,人類環境會議(Conference on the Human Environment),地球高峰會(Earth Summit),日內瓦會議(Geneva Conference),聯合國環境與發展會議(UNCED),"2,4"
13,(113-5) 聯合國政府間氣候變遷專門委員會(IPCC)於 2018 年強調將升溫控制在 1.（113-5）5°C 以內；五年後，IPCC 報告指出 由於溫室氣體排放量持續增加，2011 至 2020 年的全球地表溫度，相較於工業化前的水準，已升溫近多少 度，並預估暖化高峰可能來到 ,0.9°C,1.0°C,1.1°C,1.2°C,3
14,(113-5) 永續金融包含下列哪一項內容？ ,低碳金融,氣候金融,綠色金融,以上皆是,4
15,(113-5) 以下是金融市場參與者與諮詢機構對具有 ESG 屬性的金融產品之揭露說明何者錯誤？ ,需強制規範每天進行揭露,負有協定前揭露(pre-contractual disclosures),階段報告揭露(periodic reporting disclosures),永續投資決策中的重大不利影響(PAIs)揭露等義務,1
16,(113-5) 在《京都議定書》中，唯因各締約國之歷史發展與現實情況的不同，故依以下哪一個原則，要求已開發國 家採取先行作為(lead action)進行氣候變遷行動？ ,完全一致性,共同但有差異,鑑別性,完全差異化,2
17,(113-5) 我國推動綠色金融行動方案 3.（113-5）0 之中五大推動面向，下列何者為非？ ,佈局,生態系,轉型,資金,3
18,(113-5) 聯合國政府間氣候變遷專門委員會(IPCC)之第 6 次總結報告(AR6 Synthesis Report)主要強調的內容為何？ ,對減緩氣候變化的進展和承諾進行最新的全球評估,氣候變遷對世界的影響與人類的因應能力分析,強調氣候變遷、人類社會、生態系統之間的互動,探討全球暖化的原因,3
19,(113-5) 有關碳邊境調整機制(CBAM)，原先歐盟執行委員會提議的高碳排產業為以下哪五大產業？,鋼鐵、水泥、氫氣、鋁、電力,鋼鐵、水泥、化肥、食品、電力,鋼鐵、塑膠、化肥、鋁、電力,鋼鐵、水泥、化肥、鋁、電力,4
20,(113-5) 綠天鵝事件(Green Swan event)是由國際清算銀行(BIS)於 2020 年提出，強調什麼重要性？,氣候變化和環境風險對金融體系的重要性,強調歷史數據和模型的重要性,受保護的綠色鳥類物種發生重大變化的重要性,氣候變化引起的社會不穩定,1
21,(113-5) 歐盟提及各經濟活動必須滿足三項條件，才能算是永續發展活動；以下有關三項條件之敘述，何者錯誤？ ,對六大環境目標中至少一項有重大貢獻,水及海洋資源保護為六大環境目標之一,可對其他目標造成重大損害,遵守最低限度的社會安全保障,3
22,(113-5) 現階段造成氣候變遷問題，主因是下列何者？ ,過度捕撈海洋生物,地球自然的氣候循環,人類為了發展經濟過度排碳所累積造成,以上皆非,3
23,(113-5) 上市上櫃公司永續發展實務守則中，關於發展永續環境，對針對水資源與溫室氣體之具體作法，不包含下列何者？ ,制定節能減碳管理之政策,將碳權取得納入企業減碳策略規劃、具體落實,將現有車輛全數以氫能車取代,用水量及廢棄物總重量管理之政策,3
24,(113-5) 有關《氣候變遷綱要公約》(UNFCCC)的敘述，下列何者正確？,該公約對個別締約國規定具體需承擔的義務,該公約具有法律上的約束力,該公約並未規定可在後續從屬的議定書中設定強制碳排放限制,各國與會代表會在各年度的會議中，達成相關的決議內容，成為研究國際氣候變遷治理機制之重要依據,4
25,(113-5) 氣候相關財務揭露工作小組(TCFD)的四項核心要素，下列何者錯誤？,治理：該組織針對氣候相關風險與機會的治理,策略：氣候相關風險與機會對於組織的業務、策略和財務規劃的實際和潛在衝擊,風險管理：組織鑑別、評估和管理氣候相關風險的流程,指標和目標：用以評估和管理企業內部短中長期的業績成長,4
26,(113-5) 根據「證券投資信託事業證券投資顧問事業環境、社會及治理(ESG)投資與風險管理作業流程暨 ESG 資訊 揭露實務指引」，公司至少多久要於永續報告書或網站發布公司 ESG 定期評估報告(包含 ESG 投資與風險 管理之治理機制運作、監控 ESG 相關風險之作業程序及管理措施、盡職治理執行情形等)？,每月,每季,每半年,每年,4
27,(113-5) 確信準則 3000 號中所指之 Assurance Engagement 係為： ,認證案件,確信案件,直接案件,適當方,2
28,(113-5) 請問以下哪一個產業是現行規範揭露產業別永續揭露指標的 14 個產業之一？ ,生技醫療業,資訊服務業,貿易百貨業,電子通路業,4
29,(113-5) 有關組織依循 GRI 準則決定重大主題的流程，下列敘述何者正確？ ,每個步驟的方法將根據組織的特定情況而有所不同,同一國家中所有組織的每個步驟的方法都相同,同樣行業別中所有組織的每個步驟的方法都相同,所有組織的每個步驟的方法都相同,1
30,(113-5) 有關 GRI 準則中對於決定重大主題時，組織鑑別衝擊的相關敘述，下列何者正確？ ,可以使用第三方評估所得的資訊,不可以使用第三方評估所得的資訊,不可以使用自己評估所得的資訊,只可以使用自己評估所得的資訊,1
31,(113-5) 上市上櫃公司子公司之綜合證券商應於哪個年度完成溫室氣體盤查？ ,112 年,113 年,114 年,與上市上櫃母公司之時程一致,4
32,(113-5) SASB 準則五大面向當中的領導與治理(Leadership and Governance)，下列何者是其包含的 ESG 議題？ ,生態衝擊(Ecological Impacts),法規和監管環境的管理(Management of the Legal & Regulatory Environment),勞工關係(Labor Practices),資訊安全(Data Security),2
33,(113-5) 2021 年 11 月 3 日 COP26 會議上，國際財務報導準則基金會(IFRS Foundation)進一步正式宣布成立國際永 續準則委員會(ISSB)，並宣布將價值報告基金會(VRF)併入 IFRS Foundation。說明此一系列的整合行動，是 為了回應何種的需求？,利於全球企業供應鏈管理,全球投資機構對高品質永續相關資訊揭露的需求,幫助各地政府掌握永續資訊,協助企業進行內部碳定價,2
34,(113-5) 有關組織依循 GRI 準則決定重大主題的流程，下列敘述何者錯誤？ ,在每個報導期間，組織宜重新檢視其上一個報導期間的重大主題，以解釋衝擊的變化,衝擊的變化可能源於組織活動的變化,衝擊的變化不可能源於組織商業關係的變化,重新檢視有助於確保重大主題能代表組織在每個新的報導期間內最顯著的衝擊,3
35,(113-5) 投信投顧事業設置之投資研究部門應進行永續投資研究及盡職治理調查，下列哪項不是「證券投資信託事 業證券投資顧問事業環境、社會及治理(ESG)投資與風險管理作業流程暨 ESG 資訊揭露實務指引」強調 需瞭解被投資公司是否善盡之面向？,環境保護,財務績效,公司治理,社會責任,2
36,(113-5) 根據「保險業氣候相關風險財務揭露指引」，針對保險業風險管理及監控之敘述，下列何者正確？ 甲、 訂定評估方法，以辨認具氣候相關風險之部門、交易對手及客戶包括現有及潛在之交易對手及客戶並評估 其影響；乙、訂定氣候相關風險曝險之管理及持續監控機制；丙、針對公司鑑別之氣候風險依「保險業內 部控制三道防線實務守則」進行風險管理 ,僅甲、乙,僅甲、丙,僅乙、丙,甲、乙、丙皆是,4
37,(113-5) SASB 準則五大面向當中的人力資本(Human Capital)，針對其中一項 ESG 議題：勞工關係(Labor Practices)， 下列描述何者正確？ ,包括最低工資政策和福利規定，這可能會影響勞動力的吸引、保留和激勵方式,此議題涉及公司在工作場所維護普遍接受的勞工標準的能力，但不包括遵守勞動法和國際公認的規範和標準,不包括童工保護議題,此議題無法進一步解決公司與勞工組織和結社自由的關係,1
38,(113-5) GRI 準則 2021 之系統架構於三個系列準則，分別為下列何者？ ,GRI 環境準則、GRI 社會準則、GRI 治理準則,GRI 環境準則、GRI 社會準則、GRI 經濟準則,GRI 通用準則、GRI 進階準則、GRI 特殊準則,GRI 通用準則、GRI 行業準則、GRI 主題準則,4
39,(113-5) 依現行「永續報告書作業辦法」，下列哪一行業別之公司，不分資本額均需強制編製永續報告書？ ,上市上櫃之食品工業公司,上市上櫃之化學工業公司,上市上櫃之金融保險業公司,以上皆是,4
40,(113-5) 若企業為環境部公告納管事業者，關於溫室氣體盤查，下列描述何者錯誤？ ,盤查邊界設定要與財務報表一致,盤查邊界設定為環境部核發的管制編號所涵蓋地理邊界,依據營運控制權法區分為直接排放或能源間接排放的單元或程序,不論依循任何溫室氣體盤查規範，企業都需要界定要盤查的範圍,1
41,(113-5) SASB 準則五大面向當中的商業模式與創新(Business Model and Innovation)，下列何者是其包含的 ESG 議題？ ,合理的行銷和廣告(Selling Practices & Product Labeling),產品設計和生命週期管理(Product Design & Lifecycle Management),系統風險管理(Systemic Risk Management),生態衝擊(Ecological Impacts),2
42,(113-5) 根據「保險業氣候相關風險財務揭露指引」，保險業針對哪些具重大氣候相關風險之對象，得建立氣候相 關風險曝險之管理及持續監控機制？ 甲、部門；乙、客戶；丙、交易對手；丁、競爭對手 ,僅乙、丁,僅甲、丙、丁,僅甲、乙、丙,甲、乙、丙、丁皆是,3
43,(113-5) 氣候相關財務揭露工作小組(TCFD)對於主要財務影響分類的指引，針對企業損益表當中的收入面的揭露建 議，下列何者錯誤？,由於碳定價機制仍不普及，企業還不需要急著納入考量,轉型風險和實體風險可能影響對產品和服務的需求，組織應考慮風險對收入產生的潛在影響,組織應鑑別增加或創造新收入的潛在機會,碳定價機制持續成長，企業應納入考量來評估對收入的潛在影響,1
44,(113-5) 依現行上市/櫃公司編製與申報永續報告書作業辦法第四條第二項規定，以下哪一個產業針對其產業別加 強揭露之永續指標須取得會計師所出具之確信報告？ ,化學工業,油電燃氣業,塑膠工業,鋼鐵工業,1
45,(113-5) 銀行訂定高氣候風險客戶之管理措施時，其考慮因素至少應包括下列何者？ 甲、氣候風險之重大性； 乙、客戶改善自身氣候風險之意願與能力；丙、是否有抵減銀行曝險之替代做法 ,僅甲,僅乙、丙,僅甲、乙,甲、乙、丙皆是,4
46,(113-5) 針對永續會計準則委員會(SASB)準則特性之一的指標可比性的定義描述，哪一個正確？,制定出更全面、完整，且質化與量化並行的永續資訊揭露標準，結合 ESG 各面向指標，滿足投資者的 資訊需求，利於企業更全面展現長期績效與價值,關注環境、社會、人力資源、商業模式與創新及領導力及公司治理等五大面向，針對不同產業特性設 計應揭露主題及會計指標,關於指定各產業應計算之指標單位，可協助投資人比較與辨識,是關於指標定義、範疇、計算方式、資料收集方式、參考文獻，以及指標呈現單位均一致，方便投資 人作比較分析,3
47,(113-5) 有關 GRI 準則中對於決定重大主題時，組織鑑別正面衝擊的相關敘述，下列何者正確？ ,僅需考量實際發生的,僅需考量潛在還未發生的,可能是不可逆的,不可能是可逆的,3
48,(113-5) 資本額 100 億元以上及鋼鐵、水泥業公司，規定哪一年揭露合併報表子公司的溫室氣體盤查資訊？ ,114 年,115 年,116 年,117 年,1
49,(113-5) 根據科技部(2022)《IPCC 氣候變遷第六次評估報告「衝擊、調適與脆弱度」之科學重點摘錄與臺灣氣候 變遷衝擊評析更新報告》，在 IPCC AR6 之升溫 2°C 情境下，臺灣周邊海域海平面將上升多少？ ,0.5 公尺,1.0 公尺,1.5 公尺,2.0 公尺,1
50,(113-5) 民眾想要查詢臺北市淹水潛勢，應該到哪一個單位網站查詢？ ,農委會,臺灣氣候變遷推估資訊與調適知識平台,世界資源研究所,國家災害防救科技中心,4
51,(113-5) 極端氣候發生的頻率越來越高，下列哪一個例外？ ,熱浪,豪雨,乾旱,寒流,4
52,(113-5) 「土壤劣化導致農作物生產力下降或農產品品質降低」是哪一種風險？ ,立即性實體風險,長期性實體風險,市場風險,技術風險,2
53,(113-5) 根據 IPCC AR6 給決策者的摘要報告，過去及未來的溫室氣體排放所造成的哪些變遷在未來數世紀至數千 年都是不可逆的？ ,海洋,冰層,全球海平面,以上皆是,4
54,(113-5) 金融機構協助民眾轉帳時免於被詐騙，這有助於達成哪一項永續目標(或減緩哪一個風險)？ ,消除貧窮,公共安全威脅,城鄉差距擴大,減少不平等,2
55,(113-5) 下列何者為長期性的氣候實體風險？ ,今年侵台颱風個數比去年多,八八風災重創小林村,卡努颱風重創南投,臺灣夏季增長,4
56,(113-5) 2007~2016 年度最大的土地二氧化碳排放來自何處？ ,熱帶森林砍伐,種植水稻,畜牧牛羊,泥炭地劣化,1
57,(113-5) 聯合國「2030 永續發展」的 17 項目標中，哪一項與治理風險關聯度較低？ ,負責任的消費與生產,消除飢餓,性別平等,和平正義與有力的制度,2
58,(113-5) 下列何者是氣候變遷的調適策略？ 甲、遷居到地勢較高的地區；乙、增高堤防；丙、種植耐旱的農作 物；丁、造林和植樹 ,甲、乙、丙,甲、丙,甲、丁,乙、丙、丁,1
59,(113-5) 根據世界經濟論壇《2023 全球風險報告》，未來 10 年內影響全球的最大風險為何？ ,自然災害與極端天氣事件,氣候變遷調適失敗,生活成本負擔困境,減緩氣候變遷失敗,4
60,(113-5) 根據 IPCC《氣候變遷與土地(Climate Change and Land)》特別報告，畜牧業和稻米生產是甲烷排放的主要來 源，合計佔比為何？ ,35%,45%,55%,65%,2
61,(113-5) 各國主管機關所發布之盡職治理守則，主要規範對象為以下何者？ ,上市櫃公司,一般投資人,機構投資人,理財顧問,3
62,(113-5) 金融機構以 ESG 和永續金融作為推動項目，以下哪些是較好的作法？ 甲、減少 ESG 公司獲得金融機構 融資的機會；乙、提升 ESG 資訊揭露品質；丙、強制要求員工參加淨灘活動；丁、進行氣候變遷的壓力 測試 ,僅甲、乙,僅乙、丁,僅甲、乙、丙,甲、乙、丙、丁皆是,2
63,(113-5) 下列何種貸款之資金應全部用於能夠發揮環境及社會影響力之專案？ ,綠色貸款,社會貸款,永續貸款,永續連結貸款,3
64,(113-5) 公司甲發行公司債籌資，且其籌得資金將全部用於風力發電設備投資，試問該債券可以向櫃買中心申請何 種債券認可？ ,綠色債券,社會責任債券,可持續發展債券,以上皆是,1
65,(113-5) 公司甲通過證券櫃檯櫃買賣中心的認定發行綠色債籌資，請問以下何者最不可能是該債券的資金用途？ ,能源科技發展,溫室氣體減量,生物多樣性保育,創造就業,4
66,(113-5) 排除篩選(Exclusion Screening)是一種永續投資策略，其主要目的是？ ,最大化短期股價,優化投資組合分散性,提高公司的 ESG 評級,排除特定負面行業或公司,4
67,(113-5) 請問巴黎協定是在解決哪一方面的全球挑戰？ ,氣候變遷,勞工權益,性別平等,生物多樣性,1
68,(113-5) 影響力投資的主要特點是什麼？ ,以追求最高市場報酬為目標的投資,投資主要集中在新興市場,旨在產生積極的社會和∕或環境影響，同時實現財務報酬,基本上與慈善事業相同，只追求社會影響,3
69,(113-5) 以下何者為 ESG 評比社會項目常見之指標？ ,員工福利,氣候曝險,股東政策,生物多樣性,1
70,(113-5) 何種債券所募集之資金將全部同時用於綠色投資計畫及社會效益投資計畫？ ,綠色債券,社會責任債券,可持續發展債券,轉型債券,3
71,(113-5) 下列哪些是金融機構發展永續金融常見的作法？ 甲、將資金導入重視 ESG 的企業；乙、不提供資金給 對環境不良影響的企業；丙、納入化石燃料及高汙染排放的產業投資；丁、提供資金協助企業淨零轉型 (,僅甲、乙、丙,僅乙、丙、丁,僅甲、乙、丁,甲、乙、丙、丁皆是,3
72,(113-5) 永續發展債券(GSSS)不包含以下何者主題？,綠色債券(Green),社會債券(Social),公司治理(Governance),可持續發展(Sustainability),3
73,(113-5) 目前產險公會將綠色保險區分為四大類別，請問離岸風電保險屬於哪一個類別？ ,積極性節能減碳保險,消極性風險移轉保險,再生能源產業保險,創新服務與流程,3
74,(113-5) 以下哪些是綠色金融商品之主題範圍？ 甲、廢棄物處理和回收；乙、水衛生；丙、生物多樣性；丁、勞工安全 ,僅甲、乙,僅乙、丙,僅甲、乙、丙,甲、乙、丙、丁皆是,3
75,(113-5) 面對全球淨零目標及減碳策略所衍生的資金需求，以下何者不是銀行業者普遍採用的因應措施？ ,對環境與永續相關建設專案提供優惠利率,將碳排要素納入授信審核要件,開發永續目標連結之新型貸款商品,提升短天期貸款的貸放額度，因應及時融資需求,4
76,(113-5) 永續連結貸款原則，以下有關永續發展績效目標(SPT)的敘述是錯誤的？,必須代表每個 KPI 的實質改善，且要比之前的標準好,要能與基準或外部指標相比較,可在貸款發放後設定,要與借款人整體 ESG 策略保持一致,3
77,(113-5) 我國金管會針對 ESG 主題基金訂定具體滿足標準，以下何者非必須特徵？ ,是否投資於改善環境特徵之產業,採用永續投資策略與方法,是否有排除政策,發行 ESG 基金後定期揭露相關資訊,1
78,(113-5) 目前市面上的「番石榴農作物保險」屬於哪一類型的綠色保險？ ,氣候保險,參數型天氣保險,環境汙染責任保險,共享經濟保險,2
79,(113-5) 因應減碳目標，在建構以達成減碳為主題的指數時，以下哪個碳排放指標在減碳上是對全球暖化問題較有 顯著的影響？ ,範疇一,範疇二,範疇三,以上皆非,3
80,(113-5) 下列有關於參數型天氣保險(Weather Index-based Insurance)的敘述何者錯誤？ ,除天氣參數外，仍須達到一定損失保險公司才會理賠,保險公司無須訪查被保險人的損害程度,被保險人取得理賠的速度較快,參數型天氣保險常以降水量作為參數,1
1,(114-1)永續投資中金融業的角色為何？ 甲.符合股東及社會長期最佳利益；乙.引導資金流向永續發展相關項目；丙.協 助不利永續發展之產業轉型,僅甲、乙,僅甲、丙,僅乙、丙,甲、乙、丙皆是,4
2,(114-1)上市上櫃公司永續發展實務守則中，上市上櫃公司之董事會於公司推動永續發展目標，內容不包含下列哪一項？,鼓勵公司追求最大化短期獲利,考量利害關係人之利益，提出永續發展使命或願景,永續發展納入公司之營運活動與發展方向,永續發展相關資訊揭露之即時性與正確性,1
3,(114-1)金融業將 ESG 規範納入決策機制，其用意包含下列何者？,投資授信之參考，運用 ESG 來審視投融資對象,授信、投資或金融商品之業務方向，引導企業與投資人重視永續議題,提升金融業的競爭力和長期價值,以上皆是,4
4,(114-1)因應企業碳盤查需求，對於盤查對象及查驗機構採哪一種方式管理？,分類管理,分群管理,分級管理,統一管理,3
5,(114-1)歐盟的碳價除受政策干預外，係根據下列何者利用「污染者付費」的做法激勵企業從事減碳？,碳排放量,碳抵消的排放量,碳洩漏的排放量,碳權憑證的供需,4
6,(114-1)我國推動上市櫃公司永續發展路徑圖，資本額 50 億元以下合併報表子公司完成確信須在哪一年完成？,2024 年,2027 年,2028 年,2029 年,4
7,(114-1)聯合國政府間氣候變遷專門委員會(IPCC)目前已發布幾次評估報告(Assessment Report)？,3 次,4 次,5 次,6 次,4
8,(114-1)1972 年 6 月，聯合國首次針對環境問題舉辦人類環境會議(Conference on the Human Environment)，該次會議 通過的宣言為以下何者？,里約環境與發展宣言(Rio Declaration on Environment and Development),日內瓦部長宣言(The Geneva Ministerial Declaration),斯德哥爾摩宣言(Stockholm Declaration),格拉斯哥聯合宣言(Glasgow Declaration),3
9,(114-1)歐盟提及各經濟活動必須對六大環境目標中至少有幾項具有重大貢獻，才能算是永續發展活動？,一項,二項,三項,四項,1
10,(114-1)上市上櫃公司永續發展實務守則中，上市上櫃公司之董事會於公司推動永續發展目標時，宜充分考量何者的利益？,股東,員工,利害關係人,客戶,3
11,(114-1)我國推動上市櫃公司永續發展路徑圖，盤查時程規劃不包含哪一項？,第一階段(2023 年)：資本額 100 億元以上之上市櫃公司，及鋼鐵、水泥業盤查個體公司,第二階段(2025 年)：資本額 100 億元以上之上市櫃公司，及鋼鐵、水泥業之合併報表子公司完成盤查,第三階段(2026 年)：資本額 50 至 100 億元上市櫃公司之合併報表子公司完成盤查,第一階段(2024 年)：資本額 100 億元以上之上市櫃公司，及鋼鐵、水泥業完成確信,4
12,(114-1)關於「利害關係人理論」之敘述，下列敘述何者較不適當？,將利害關係人受影響程度放置在營運模式,追求極大化股東利潤為終極目標,強調企業經營必須為所有人創造永續且長期共同價值,確保企業價值能與社會價值能相吻合,2
13,(114-1)上市上櫃公司永續發展實務守則中，發展永續環境內容中，不包含下列哪一項？,宜致力於提升能源使用效率,強制企業採取綠色產品開發,使用對環境負荷衝擊低之再生物料,設立環境管理專責單位或人員，並定期舉辦環境教育課程,2
14,(114-1)上市上櫃公司永續發展實務守則中，發展永續環境應遵循哪些規則？,國際準則,環境相關法規,環境相關法規及國際準則,以上皆非,3
15,(114-1)有關企業永續報告指令(CSRD)與非財務報告指令(NFRD)在揭露強制性之比較，下列敘述何者正確？,CSRD 無強制性揭露標準,受 NFRD 約束的企業需依據 ESRS 進行報告,受 CSRD 約束的企業無需依據 ESRS 進行報告,NFRD 只要求員工人數超過 500 人的公眾利益企業需報告其永續發展資訊,4
16,(114-1)第一個同時呼籲已開發和發展中國家做出減排承諾的全球協議為下列何者？,利馬氣候行動呼籲(Lima Call for Climate Action),格拉斯哥氣候協議(Glasgow Climate Pact),巴黎協定(Paris Agreement),京都議定書(Kyoto Protocol),3
17,(114-1)有關永續金融揭露規範(SFDR)的推行，第一階段 SFDR 1.0 從 2021 年 3 月 10 日開始，主要推動的內容為何？,針對包括資產管理業者與投資基金業者等金融市場參與者提出原則性的遵循要求,提出監管技術標準(RTS)，共同依據 SFDR 所制定關於 ESG 揭露之草案,加強對最終投資者的保護，並改善其從金融市場參與者和財務顧問處獲得有關金融產品資訊的品質,內容涵蓋具體應揭露之資訊內容與應採取揭露形式之相關細節要求項目,1
18,(114-1)聯合國政府間氣候變遷專門委員會(IPCC)之第 6 次總結報告(AR6 Synthesis Report)主要強調的內容為何？,對減緩氣候變化的進展和承諾進行最新的全球評估,氣候變遷對世界的影響與人類的因應能力分析,強調氣候變遷、人類社會、生態系統之間的互動,探討全球暖化的原因,3
19,(114-1)聯合國永續發展目標 SDGs 目標重點內容：減少傳染病傳播，及提供基本醫療服務，是屬於下列哪一個目標的 內容？,消除飢餓、落實糧食安全、改善營養及促進永續農業,確保健康、促進各年齡層的福祉,促進和平且包容的社會、司法與各階級之間的平等,落實性別平等、婦女平權,2
20,(114-1)聯合國永續發展目標 SDGs 目標 12：落實永續消費及生產模式，下列哪一個不屬於目標重點內容？,促進綠色產品與技術之研發及應用,針對永續消費及生產，強化相關資訊提供與人才培育,推廣永續消費,推動生態旅遊,4
21,(114-1)我國推動上市櫃公司永續發展行動方案，五大面向之中的精進永續資訊揭露，不包含下列何者？,研議推動 ISSB 永續揭露準則,推動興櫃公司採候選人提名制,擴大永續資訊揭露範圍,精進年報資訊揭露規範,2
22,(114-1)「千禧年發展目標」(MDGs)，跟「永續發展目標」(SDGs)最大的差別何在？,發起機構不同，MDGs 不是由聯合國倡議發起,SDGs 特別偏重氣候變遷議題,MDGs 未考慮性別歧視課題,SDGs 將已開發、開發中經濟體一併納入，共同面對更多元議題,4
23,(114-1)我國氣候變遷因應法中，增訂氣候變遷調適專章三大重點，下列何者為非？,確定推動架構,推動全民參與,基礎能力建構,科研推估接軌,2
24,(114-1)臺灣 2050 淨零排放路徑以四大轉型為策略，請問下列哪一個項目在其中？,科技轉型,氣候轉型,法制轉型,生活轉型,4
25,"(114-1)SASB 準則五大面向當中的人力資本(Human Capital)，針對其中一項 ESG 議題：員工對企業之認同感、多樣性 與包容(Employee Engagement, Diversity & Inclusion)，下列描述何者不正確？",此議題探討公司如何確保其企業文化、聘僱和晉昇實務能夠建立具多元與包容性的團隊之能力,此議題進一步解決了公司與有組織勞工和結社自由的關係,同時反映了當地人才庫及其客戶群的構成,此議題包括如何處理歧視，包括但不限於基於種族、性別、民族、宗教、性取向和其他因素的歧視,2
26,(114-1)在台灣，會計師依據以下哪一號準則規範，進行溫室氣體聲明之確信工作？,審計準則 220 號「查核歷史性財務資訊之品質管制」,確信準則 3000 號「非屬歷史性財務資訊查核或核閱之確信案件」,確信準則 3410 號「溫室氣體聲明之確信案件」,審計準則 720 號「其他資訊之閱讀與考量」,3
27,(114-1)我國金融監督管理委員會於 2020 年 8 月公告公司治理 3.0-永續發展藍圖，下列描述何者錯誤？,參考國際準則規範(永續會計準則委員會 SASB)來強化永續報告書揭露,依據 GRI 準則編製之 CSR 報告書，因其目標對象係針對所有利害關係人，揭露內容皆與 ESG 議題相關，已 足夠判斷未來可能影響公司財務、甚至股價之 ESG 相關資訊，有利於投資人作為投資決策參考,強化上市櫃公司 ESG 資訊揭露參考國際準則(氣候相關財務揭露規範 TCFD)，以此規範強化永續報告書揭露,國際投資人及產業鏈日益重視 ESG 相關議題，實有必要擴大上市櫃公司編製 CSR 報告書之範圍，因此考量 國際氣候相關財務揭露規範(TCFD)，讓企業正視並有效評估其可能風險,2
28,(114-1)SASB(Sustainability Accounting Standards Board)的中文譯名為何？,國際整合性報導委員會,全球永續性報告協會,永續會計準則委員會,國際永續準則委員會,3
29,(114-1)根據「保險業氣候相關風險財務揭露指引」，保險業氣候相關風險之指標與目標包括下列何者？ 甲.設定評估 及管理氣候相關風險之指標；乙.設定氣候相關風險管理之目標；丙.訂定氣候相關風險依重大性排序之判斷指標； 丁.考量將氣候相關風險之管理納入績效衡量指標,僅甲、乙、丙,僅甲、乙,僅甲、丙、丁,甲、乙、丙、丁皆是,4
30,(114-1)國內外常見的溫室氣體盤查規範，下列哪一個不是？,ISO 14064-1：2018,CNS 14064-1：2021,PAS 2060,溫室氣體盤查議定書－企業會計與報告標準,3
31,(114-1)有關 GRI 準則中對於決定重大主題時，組織為了鑑別衝擊而使用的資訊來源，下列何者錯誤？,可以透過組織自己建立的申訴機制來蒐集,組織同時也可以使用來自更廣泛的企業風險管理系統的資訊,更廣泛的企業風險管理系統專門鑑別組織本身的風險，不包含對組織外部經濟、環境和人群的衝擊,組織可以使用的外部資訊來源包括新聞機構和公民社會組織,3
32,(114-1)根據「保險業氣候相關風險財務揭露指引」，保險業氣候相關風險之風險管理機制包括下列何者？,風險管理及監控,情境分析及壓力測試,投資管理,以上皆是,4
33,(114-1)「我國接軌國際財務報導準則(IFRS)永續揭露準則藍圖」分幾階段適用 IFRS？,二階段,三階段,四階段,五階段,2
34,(114-1)「永續報告書作業辦法」規範企業揭露溫室氣體排放量之密集度至少揭露以哪種強度計算的數據？,每單位產品,每百萬元營業額,每單位服務,每單位廠區,2
35,(114-1)氣候相關財務揭露工作小組(TCFD)建議揭露管理階層在評估和管理氣候相關風險與機會的角色，屬於四項核心 要素當中的哪一項？,治理,策略,風險管理,指標和目標,1
36,(114-1)依股東會年報應揭露事項規定企業揭露氣候相關資訊，何者為錯誤？,敘明董事會與管理階層對於氣候相關風險與機會之監督及治理,敘明極端氣候事件及轉型行動對財務之影響,敘明氣候風險之辨識、評估及管理流程如何整合於整體風險管理制度,設定溫室氣體減量目標應以科學基礎碳目標設定減量目標,4
37,(114-1)「本國銀行氣候風險財務揭露指引」要求銀行針對哪兩項風險進行情境分析與壓力測試，以評估氣候風險對其業 務之影響？ 甲.轉型風險；乙.實體風險；丙.信用風險；丁.市場風險,僅甲、乙,僅甲、丙,僅乙、丙,僅丙、丁,1
38,(114-1)歐盟永續分類標準(EU Taxonomy)為確保資金流向對歐盟氣候及環境政策目標有實質幫助的項目上，強制歐盟金 融業、大型企業以及歐盟會員國在年報中揭露以下哪些事項？,資產管理公司必須揭露其投資組合之權重,資產管理公司必須報告其投資組合中投資於符合歐盟分類標準的活動的百分比,公司和資產管理公司必須揭露其與利害關係人之議合,公司和資產管理公司必須揭露其與銀行往來之融資關係,2
39,(114-1)關於溫室氣體盤查，下列描述何者不正確？,企業若要執行國際溫室氣體盤查，涵蓋範疇僅分為直接排放(範疇一)、能源間接排放(範疇二)共兩種,我國氣候變遷因應法明訂二氧化碳(CO2)、甲烷(CH4)、氧化亞氮(N2O)、氫氟碳化物(HFCs)、全氟碳化物(PFCs)、 六氟化硫(SF6)及三氟化氮(NF3)等氣體為溫室氣體,直接溫室氣體排放(範疇一)：指來自於製程或設施之直接排放，屬於公司所擁有或控制的排放源，包括固定/ 移動燃燒源、製程/逸散排放源等,能源間接溫室氣體排放(範疇二)：指公司因外購的電力、蒸氣、熱，是來自於別人所擁有的資產、設備所產生 的溫室氣體排放,1
40,(114-1)請問以下哪個產業不在現行規範揭露產業別永續揭露指標的 14 個產業？,鋼鐵工業,建材營造業,電腦及週邊設備業,油電燃氣業,2
41,(114-1)下列何者為「證券投資信託事業證券投資顧問事業環境、社會及治理(ESG)投資與風險管理作業流程暨 ESG 資 訊揭露實務指引」建議如發現重大異常或特殊情況應立即依內部規範採取因應措施，並提報之最高單位？,股東會,董事會,總經理,高階管理階層,2
42,(114-1)實收資本額達新臺幣五十億元以上且非屬上市上櫃公司子公司之證券商，應於哪一個年度開始編製及公布永續 報告書？,112 年,113 年,114 年,115 年,1
43,(114-1)組織依循 GRI 進行報導時，應報導所有 GRI 2 中的揭露項目，下列相關敘述何者正確？,GRI 2 中的所有揭露項目都不可以有省略理由,「揭露項目 2-4 資訊重編」不可以有省略理由,「揭露項目 2-5 外部保證/確信」可以有省略理由,GRI 2 中的所有揭露項目都可以有省略理由，沒有例外,2
44,(114-1)SASB 準則五大面向當中的社會資本(Social Capital)，針對其中一項 ESG 議題：人權與社區關係(Human Rights &  Community Relations)，下列描述何者正確？,此議題包括空氣污染或廢物等環境影響，因為這些影響可能會影響當地社區成員的健康和安全,此議題還包括企業應確保大眾能廣泛獲取其產品和服務的能力，特別是在服務不足的市場，例如醫療保健、 金融服務、公用事業、教育和電信的可取得性和可負擔性,此議題解決了因企業未能管理其行銷聲明、廣告以及產品和服務的透明度、準確性和可理解性而可能出現的 社會問題,依據 SASB 準則定義，此類管理可能涵蓋社會經濟、社區影響、社區參與、環境正義、當地勞動力培養、對 當地企業的影響、經營許可以及環境/社會的影響評估,4
45,(114-1)氣候相關財務揭露工作小組(TCFD)對於策略項目中，建議的揭露事項，下列何者錯誤？,描述組織在策略上的韌性，並考慮不同氣候相關情境,描述組織在氣候相關風險的鑑別和評估流程,描述組織所鑑別的短、中、長期氣候相關風險與機會,描述組織在業務、策略和財務規劃上與氣候相關風險與機會的衝擊,2
46,(114-1)根據「保險業氣候相關風險財務揭露指引」，保險業針對哪些具重大氣候相關風險之對象，得建立氣候相關風險 曝險之管理及持續監控機制？ 甲.部門；乙.客戶；丙.交易對手；丁.競爭對手,僅乙、丁,僅甲、丙、丁,僅甲、乙、丙,甲、乙、丙、丁皆是,3
47,(114-1)有限確信案件及合理確信案件主要差異為何？,有限確信案件邊界小於合理確信案件,有限確信案件簽證會計師人數少於合理確信案件,有限確信案件係針對單一永續標的資訊，而合理確信案件係針對永續報告書整體資訊,有限確信案件可接受風險水準高於合理確信案件,4
48,(114-1)資本額 100 億元以上及鋼鐵、水泥業公司，規定哪一年揭露合併報表子公司的溫室氣體盤查資訊？,114 年,115 年,116 年,117 年,1
49,(114-1)全球暖化趨勢下，臺灣受到淹水影響最顯著的地區位在何處？,西南沿海,北海岸,花東海岸,桃竹苗海岸【請接續下頁】,1
50,(114-1)金融機構協助減緩少子化風險的作為有哪些？,凍卵險,完善的育嬰留職停薪制度,生育保險,以上皆是,4
51,(114-1)國家災害防救科技中心提供的 3D 災害潛勢地圖包含哪些重要災害資訊？,淹水,土石流,土壤液化,以上皆是,4
52,(114-1)美國非營利氣候組織 Climate Central 預測，當地球升溫達攝氏 3°C，海平面恐將淹沒全球多少人口的居住地？,2 億,4 億,8 億,12 億,3
53,(114-1)「今天臺北市白天氣溫是攝氏 29-31 度，下雨機率 50%，紫外線指數 6，大多為雲量偏多且有短暫陣雨現象」， 請問這段文字是描述臺北市的？,天氣狀況,氣候狀況,舒適度狀況,氣候變遷狀況,1
54,(114-1)下列何者為立即性的氣候實體風險？,海平面上升,極端多雨日數增加,全球暖化,洪水,4
55,(114-1)美國非營利氣候組織 Climate Central 預測，當地球升溫達攝氏 3°C，海平面上升將導致哪些景點成為水鄉澤國？,臺北龍山寺,英國白金漢宮,日本東京塔,以上皆是,4
56,(114-1)金融機構中關於氣候風險議題的最高治理單位為何？,董事會,企業永續委員會,風險管理委員會,TCFD 工作小組,1
57,(114-1)下列何者為立即性的氣候實體風險？ 甲.海平面上升；乙.颱風；丙.全球暖化；丁.洪水,甲、乙,甲、丙,乙、丁,乙、丙、丁,3
58,(114-1)聯合國政府間氣候變遷專門委員會(IPCC)AR6 報告中的情境 SSPx-y，其中“y”是指？,二氧化碳排放量,輻射強度,溫室氣體排放量,氣溶膠排放量,2
59,(114-1)下列何者是氣候變遷的能源系統減緩策略？ 甲.開發碳捕捉和利用技術；乙.造林和植樹；丙.增加太陽能發電,僅乙、丙,僅甲、丙,僅甲、乙,甲、乙、丙皆是,2
60,(114-1)下列哪一種溫室氣體不是聯合國政府間氣候變遷專門委員會(IPCC)對未來全球氣候推估所採用的關鍵 non- CO2  驅動因素的溫室氣體？,甲烷,一氧化二氮,二氧化硫,三氟化氮,4
61,(114-1)以下何者非關於國際永續債券主要監理準則或機構？,國際資本市場協會(ICMA),氣候債券倡議組織(CBI),責任投資原則(PRI),歐盟綠色債券標準(EUGBS),3
62,(114-1)下列何種貸款之資金應全部用於環境保護或氣候相關支出？,綠色貸款,社會貸款,永續連結貸款,轉型貸款,1
63,(114-1)因應全球暖化，銀行在推動以達成減碳為主題之永續連結貸款時，以下列哪個碳排放指標做為永續發展績效目 標(SPT)及關鍵績效指標(KPI)，在對放款企業減碳上的管理作為是對解決極端氣問題較有顯著的影響？,範疇一,範疇二,範疇三,以上皆是,3
64,(114-1)何種永續債券資金用途未受限制，可用於一般企業營運所需而非特定投資計畫，但債券本息支付條件與發行人 可持續發展績效目標(SPT)相連結？,綠色債券,社會債券,可持續發展債券,可持續發展連結債券,4
65,(114-1)下列關於永續連結貸款專案的敘述，何者錯誤？,永續連結貸款就是綠色貸款,永續連結貸款的資金用途不限於特定目的,長期監控 ESG 指標，並將永續績效與貸款利率定價連結,若企業達成相關 ESG 績效指標即可降低融資成本,1
66,(114-1)因應全球暖化，在建構以達成減碳為主題之永續連結債券時，以下列哪個碳排放指標做為永續發展績效目標(SPT) 及關鍵績效指標(KPI)，在減碳上的管理是對解決極端氣問題較有顯著的影響？,範疇一,範疇二,範疇三,以上皆是,3
67,(114-1)下列何者不屬於責任銀行原則(PRB)的六大框架？,一致性,衝擊與目標設定,與客戶合作,節能與減碳,4
68,(114-1)以下何者為永續投資方式？ 甲.負向表列∕排他性篩選；乙.整合 ESG 因子；丙.高股息主題投資；丁.影響力與 社區投資,僅甲、乙,僅甲、乙、丁,僅甲、丙、丁,甲、乙、丙、丁皆是,2
69,(114-1)以下有關永續連結貸款授信特點之敘述何者是正確的？,借款人必須永久承擔債務，無法償還,貸款的利率將永遠保持不變,貸款利率與借款人實現可持續性目標的績效相關聯,借款人只能將貸款用於綠色專案，無法用於其他目的,3
70,(114-1)赤道原則按照潛在的環境社會風險和影響程度將專案融資案件分類成 A、B、C 三個等級，以下有關分類等級 B 類的說明，哪項是正確的？,B 級係指中風險案件，即經評估後顯示專案對環境和社會可能造成不利的程度有限，影響侷限於特定地點， 且可藉減緩措施降低或免除衝擊,B 級係指無風險案件，即經評估後無不利風險及或影響,B 級係指低風險案件，即經評估後顯示專案對社會和環境影響輕微,B 級係指高風險案件，即經評估後顯示專案對環境和社會有潛在重大不利及或涉及多樣的、不可逆的或前所 未有的影響,1
71,(114-1)下列何者為能源效率保險(EEI)的承保範圍？ 甲.設施損壞；乙.營業中斷；丙.資產節能表現,僅甲,僅甲、乙,僅甲、丙,甲、乙、丙皆是,4
72,(114-1)以下何種計畫是社會債券所募集的資金用途？,風力發電機台設置,發展核能發電,生物多樣性計畫,青年住宅投資,4
73,(114-1)臺灣目前常將 Z 保險以住家綠能升級附加條款的方式呈現，請問 Z 保險可能是哪一種綠色保險？,能源效率保險,節能保險,綠建築保險,再生能源保險,3
74,(114-1)何謂責任銀行原則(PRB)？,PRB 是一個金融機構，致力於提供專門的貸款和投資來支持永續項目,PRB 是一套由聯合國環境規劃署推動的準則，旨在引導銀行業實踐永續,PRB 是一個國際組織，負責監督銀行業在社會和環境領域的活動,PRB 是一項法律要求，規定銀行必須在其業務中遵守環境和社會標準,2
75,(114-1)哪種 ESG 投資方法專門投資於對永續解決方案有所貢獻的主題或資產，例如環境和社會領域？,排他性篩選,影響力與社區投資,企業參與及股東行動,產業別最佳,2
76,(114-1)下列何者最符合赤道原則？,赤道原則是國際金融機構的自願性行為規範,赤道原則是一項國際法規,赤道原則是一種投資策略,赤道原則是一項聯合國倡議，旨在減少發展中國家基礎設施對環境的不利影響,1
77,(114-1)目前產險公會將綠色保險區分為四大類別，請問農業保險屬於哪一個類別？,積極性節能減碳保險,消極性風險移轉保險,再生能源產業保險,創新服務與流程,2
78,(114-1)以下何者非永續連結衍生金融商品常見的績效指標？,評級機構提供的 ESG 評級相關指標,溫室氣體減排相關指標,ESG 指標,股價,4
79,(114-1)以下有關「轉型金融」的敘述何者不正確？,「轉型金融」為在 2022 年第 27 屆聯合國氣候變遷大會(COP27)後被關注的新金融課題,「轉型金融」用來支持協助企業需要轉型才能變成具永續性時的金融活動,「轉型金融」是指「能源轉型」,「2050 淨零排放路徑」中提出透過綠色融資與增加投資，引導臺灣產業綠色轉型,3
80,(114-1)目前不少國際倡議要求遵循該原則的單位揭露相關的實施狀況，請問以下原則中，何者有對此進行規範？ 甲.責任投資原則；乙.永續保險原則；丙.責任銀行原則；丁.赤道原則,僅甲、丙,僅甲、乙,僅甲、丙、丁,甲、乙、丙、丁皆是,4